Cycle,Grn,X,d1_random,Feat1,Feat2,Feat3,Feat4
212,89,0.66,92.9,20,-3.5,11,14.19076029
115,29,0.72,63.8,139,19.9,81,5.313720957
196,23,0.17,513.2,201,17,-49,2.105760084
116,26,0.41,109.0,220,2,57,17.63253224
176,87,0.97,44.9,34,12.8,-4,15.01852294
168,82,0.05,824.9,232,10.9,-333,9.346998217
211,88,0.32,210.3,180,-2.1,-217,9.88208776
51,21,0.9,17.8,101,-2.2,-366,8.682354992
81,31,1.18,25.2,19,-7.6,-400,9.119757995
88,33,1.12,27.6,284,17.5,-110,6.872268923
107,37,1.23,35.1,282,-4.4,-185,9.168321323
137,17,1.41,63.7,155,5.8,-409,7.278462844
68,33,0.3,62.9,128,2.2,-417,3.248861734
217,94,0.13,471.1,168,-6,-406,2.757631146
184,63,1.26,63.2,89,0.6,-339,3.879876006
86,22,1.35,32.2,295,-6.1,-463,10.0488403
223,72,0.09,866.9,80,12.9,86,13.32741854
80,22,0.83,31.2,297,17.5,-147,0.168502056
205,79,1.14,64.8,276,-7.8,-500,9.960281551
87,35,1.48,26.1,96,1.4,-142,10.44042404
66,13,0.08,363.8,139,15.5,-60,8.575284794
90,31,1.13,32.0,210,-8.4,-253,9.170520412
55,19,1.44,18.2,89,-0.5,-427,3.62155556
73,26,0.9,23.4,16,16.4,-68,16.92710806
62,19,0.06,365.7,90,3.7,-151,14.98575144
149,58,0.39,123.2,158,-2.6,-491,0.093670594
142,43,0.4,118.6,90,-5.7,76,4.188242805
177,65,0.93,62.1,201,-4.3,79,15.35982385
146,15,0.52,124.7,123,18.6,-380,21.10900476
82,37,0.8,28.6,248,-9.3,-87,13.51585117
91,26,0.56,55.6,103,3.2,-180,19.82355436
215,44,0.82,111.9,192,13.9,-150,19.45060488
121,53,1.08,35.2,215,16,76,3.861318027
126,49,0.69,58.4,141,6.9,-323,9.134577636
177,70,0.68,76.1,21,2.4,-153,15.5689906
182,78,0.1,533.0,2,4.6,-66,9.407281679
239,70,0.97,87.0,171,-9.4,-353,5.971761856
185,45,0.34,199.0,121,-5.7,-272,8.498669726
89,28,0.16,178.7,237,16.3,-423,3.950887663
216,79,0.94,70.5,212,11,45,8.297359736
137,65,0.62,61.7,134,19,121,19.17492577
51,24,0.23,58.7,172,-4.2,2,7.85794098
212,81,1.24,64.5,92,9.6,-182,2.61636071
85,36,0.28,80.5,237,6.7,-248,11.79428286
208,73,0.93,68.2,217,-9.1,-405,2.561240166
204,93,0.16,381.2,108,-4.5,90,3.161060725
189,70,0.62,97.6,168,5.7,27,18.0158734
197,66,0.46,145.2,107,12.6,-48,7.269117425
129,40,0.95,47.6,262,12.5,-481,0.360555969
88,37,0.64,37.4,252,13,-95,16.78825343
95,35,0.29,112.4,197,-7.7,111,18.8180922
228,69,1.09,76.9,238,16,-122,12.25708919
51,18,0.24,72.0,234,-9.4,-192,10.27574086
209,35,0.39,204.7,71,1.9,-240,21.48018783
199,13,0.25,373.6,193,-6.6,-177,21.03803801
155,31,0.32,169.0,5,18.7,2,8.660780628
151,66,0.59,70.3,256,5.4,-416,16.80530413
203,61,0.96,72.7,129,9.4,-369,9.547324745
192,60,0.47,140.3,141,18.3,-197,15.96894694
123,30,1.02,44.0,266,5.8,-422,13.15104236
170,30,1.4,70.2,203,9.2,-279,11.13804657
156,43,0.44,135.3,72,-9.3,-337,6.567851631
204,101,0.49,110.7,24,8.4,-264,15.86475708
171,84,0.54,84.1,57,-7.5,-300,11.75545686
131,64,1.45,36.7,73,9.6,-381,21.62119683
205,96,0.74,77.0,37,-8.9,-199,18.54860901
47,14,1.43,16.3,271,7.4,-216,1.154966716
183,41,1.32,70.9,170,16.2,-50,12.98545687
145,15,0.13,528.4,30,-1.7,-194,15.93646166
127,62,0.21,151.2,254,-4.9,-490,2.456382316
109,51,0.83,33.4,291,-1.5,-377,12.49247268
239,71,0.18,445.6,260,-1.4,-387,6.634756849
151,63,0.58,78.1,110,-7.4,-253,16.54268604
233,72,1.04,84.0,115,15.8,-307,17.74037102
131,36,1.35,50.0,245,16.8,-431,14.69472404
156,78,1.33,39.0,214,14,-22,12.07529573
206,43,0.07,1102.3,300,-7.7,-386,0.699079064
203,52,0.9,83.3,199,-7.8,-373,8.181701709
67,17,1.27,26.6,127,2.1,-297,6.423530897
91,21,1.26,34.9,163,5.4,-346,8.473725462
178,41,1.11,71.5,244,14.7,-46,14.93050366
89,24,0.51,62.9,186,-3.8,-78,15.47995233
118,24,0.35,132.9,297,-5,-122,2.575079927
109,30,0.97,42.0,70,-6.5,-350,19.41934875
230,10,0.41,278.7,291,9.1,-21,19.72079758
113,18,1.26,49.6,281,18.8,-438,9.489767024
173,62,0.88,67.6,41,-6.6,-153,19.93918275
116,38,0.92,41.6,219,19.1,-284,6.742392694
230,73,0.85,83.6,98,18.5,-197,17.50614866
118,49,0.48,75.1,181,12.4,-239,17.41282888
63,10,0.19,143.6,178,20,-177,16.99680564
123,61,0.82,36.0,150,15.6,-164,16.05769568
210,52,0.47,179.1,256,-0.3,-91,17.46348405
178,29,1.32,76.7,213,-2.9,-372,21.50621329
239,62,0.15,604.0,161,-5.7,-240,9.711454676
216,10,1.33,97.7,42,18.1,-183,2.470545754
157,69,0.09,500.2,96,1.1,-159,4.179573039
168,12,1.1,71.8,234,-8.3,57,8.719599323
174,17,0.93,82.3,35,3.7,-226,10.92055104
51,17,0.34,49.0,79,-0.6,-211,9.577699538
175,57,0.12,506.0,18,15.3,-166,20.33433736
176,13,0.23,347.3,35,13.5,-132,6.516209435
76,13,0.82,41.7,124,-3.6,99,3.597348374
74,35,1.04,18.4,227,11.7,-118,9.76622206
233,28,0.71,143.5,284,19.1,128,14.8916239
135,65,0.57,62.8,77,9.3,-368,6.588899326
76,35,0.46,46.1,243,-3.8,104,14.53533797
216,11,0.54,180.1,279,17.5,-186,18.23297581
112,22,1.5,49.4,183,8.1,-496,0.423005371
139,10,0.27,258.8,16,-1.8,-311,10.06589758
69,10,1.12,28.2,234,1.9,14,11.2260728
160,55,0.69,72.8,189,16.8,-318,11.22762274
182,72,0.28,188.1,112,-0.7,99,1.6183018
49,14,0.85,22.3,18,-4.9,-99,1.571116715
117,23,0.36,118.6,2,-7.4,28,8.663436853
204,50,0.97,81.4,137,-4.7,-319,15.72980111
106,43,1.39,31.5,230,6.7,-215,6.983212376
120,34,1.07,45.6,33,8.9,-244,11.8325238
164,70,0.63,77.5,194,-3,-109,0.167266918
88,27,1.32,33.3,148,-8.4,-192,18.25941241
144,43,1.41,48.4,284,-3.2,24,15.46345307
122,34,1.17,42.9,249,6.8,117,18.1604692
157,43,0.06,947.4,48,0,-84,4.133643662
83,30,1.5,28.2,14,18.5,140,13.37443997
132,49,1.12,41.0,36,18.3,-22,19.07489391
54,13,0.98,20.4,297,19.3,-375,4.556258455
174,41,0.86,74.8,87,8.4,-368,3.066433745
200,32,0.86,91.9,226,9.5,-107,4.4031059
139,63,0.38,103.0,185,13.8,-242,14.12890472
84,13,0.38,93.8,12,-9.3,-285,19.44420447
156,55,0.92,58.3,209,-7.8,-328,19.58995576
160,45,1.13,57.4,280,19.8,-405,1.402319951
73,30,0.42,54.6,27,14.5,-27,21.98873512
53,18,0.89,18.6,127,7.7,-362,8.660422588
227,103,0.16,372.2,54,4.6,-240,10.7978944
237,41,0.73,136.1,149,-1.2,48,4.233038676
94,24,0.68,55.1,164,-6.1,-3,13.23143129
118,41,1.48,37.1,88,16.5,-176,21.19546961
97,25,0.7,52.3,202,4.6,-244,0.794627246
133,40,0.16,272.3,114,6.3,-138,14.47134347
178,32,1.03,69.1,210,3.2,-311,13.18257898
102,26,0.65,63.0,266,11.9,-118,1.352246495
180,19,0.19,416.5,187,0.3,-368,8.245760979
90,23,1.14,33.0,211,16.4,8,4.658756103
62,26,1.17,18.6,71,2.5,26,10.96400107
182,63,0.27,224.2,171,9.5,3,5.882381582
239,100,0.28,251.9,219,-7.5,-34,21.4804125
100,13,1.06,43.0,79,15.5,-227,5.249695675
169,21,0.08,922.3,4,-9.5,-27,1.574384532
113,44,1.26,35.1,208,19.3,-86,1.703888102
81,29,0.38,71.5,108,19.7,-369,15.95405305
167,34,1.3,67.4,139,-4.5,-231,18.19167315
239,98,0.37,200.0,217,15.1,-412,16.13816848
239,90,0.62,114.2,173,-3.6,-245,18.15846801
91,36,0.47,58.9,213,-0.1,-37,2.244892617
240,67,0.56,142.8,300,7.1,-92,10.32660944
180,32,0.43,163.4,238,10.2,-94,11.24213312
54,22,0.53,31.3,183,5.9,-244,3.228461955
94,26,1.27,33.0,62,8.9,36,21.32689921
210,82,1.38,63.2,202,19.7,-169,20.52718708
128,46,1.17,38.7,228,18,73,15.85188937
217,50,0.7,114.7,280,16.3,-496,20.28753276
204,86,1.24,61.8,252,-4,-479,19.38500177
71,26,0.35,68.9,95,-4.4,53,5.472679365
190,48,0.27,257.6,47,15.5,-133,4.677134945
82,14,0.37,99.0,202,7.4,-399,1.275186805
232,57,0.23,362.7,150,16,-178,18.85280009
174,15,0.69,116.3,165,14.2,-136,18.42230106
50,17,0.19,88.3,65,-9.3,-13,12.64117913
62,20,0.85,24.5,14,10.1,-300,13.2382387
81,30,0.76,34.4,54,18,117,5.351325296
64,18,0.23,92.3,54,16.5,-183,15.43046598
70,32,0.34,55.4,108,-1.2,-329,1.279481605
88,11,1.08,38.7,85,17.1,-53,21.06628327
62,29,0.25,70.7,118,-0.9,-444,17.96616425
92,17,1.38,35.1,271,8.6,-222,14.40706577
240,49,0.08,1202.8,252,-8.8,-393,4.645680028
192,78,1.44,53.3,237,-1.9,16,1.136051166
180,62,0.05,1104.6,219,16.2,41,20.66894111
58,11,1.36,21.4,209,19.2,148,8.733374209
164,50,0.16,355.1,254,15.9,-107,2.611426731
100,34,0.79,43.2,5,11.4,-360,15.05211248
199,12,0.47,201.7,118,-0.7,52,11.92661555
171,35,1.07,62.0,142,-3.3,-49,4.993165631
99,26,0.11,358.3,264,-2.9,-233,17.65407512
212,54,0.32,254.2,45,10.9,-275,7.660799284
167,27,1.15,69.0,264,10.4,15,19.21813225
228,110,0.88,69.7,70,-1.3,141,3.930745067
164,71,0.95,48.0,23,1.2,-500,10.95891767
132,57,0.8,50.3,198,3.2,-11,18.8688997
54,20,1.5,17.2,177,17.2,-174,10.22862549
129,34,0.13,361.4,143,0.5,-468,16.75894083
96,28,1.14,35.9,249,18.6,-102,9.435247408
237,109,0.94,69.2,252,6,-444,0.803976022
227,89,1.3,68.1,48,1.2,9,6.152880014
182,38,1.09,65.6,185,-3.8,-470,21.48998515
145,50,1.03,48.5,39,13,150,8.517717039
96,46,0.53,49.2,60,19.8,95,20.44723808
161,53,1.42,54.1,52,3.7,8,6.466673989
126,40,0.22,193.8,278,-9.2,-483,8.66000938
222,83,0.11,609.2,9,4.4,-119,4.699967643
158,62,1.23,47.7,167,12.4,-319,9.346127135
161,12,0.98,73.4,232,-2.9,-488,4.887315039
118,52,1.16,32.9,49,3.2,46,9.285873421
151,15,0.08,826.9,193,-6.1,18,6.35796722
111,55,0.56,50.7,235,7.5,95,19.29301142
98,33,0.24,130.4,145,14,-314,18.5313655
191,51,1.03,74.4,34,0.4,-150,2.608355381
76,29,1.45,26.0,28,-9.7,14,20.55363247
50,18,1.04,17.6,236,-10,-191,13.67384087
194,35,1.45,78.0,287,10.3,-356,15.57037721
145,24,0.83,73.9,240,-1.2,-347,16.17953059
143,14,0.22,292.7,14,14.7,-465,6.638952672
188,34,1.23,77.3,78,10.8,-402,6.083070491
226,45,1.39,91.5,298,-1.6,14,12.09662374
197,11,0.53,173.8,121,4.3,-121,15.08966902
91,24,1.05,37.9,220,-2,60,17.93516439
186,49,0.48,141.6,3,0.3,-454,20.44322573
183,42,1.14,72.0,32,7.1,-414,16.31915685
190,59,0.21,303.7,265,13.6,-146,14.21039393
97,21,0.92,41.5,215,2.8,-332,15.32713506
178,56,0.99,62.2,274,-9,-373,10.17074613
60,20,0.34,57.5,156,19.5,-163,8.070423257
66,10,0.21,132.3,115,-3.2,-334,11.57022009
116,10,1.44,55.1,24,1.3,-363,10.79129112
96,46,1.48,27.8,211,18.2,-221,13.36510183
158,27,1.34,65.9,15,-3.5,-283,8.878942083
111,30,1.02,39.6,264,-5.8,-439,15.87523063
61,13,1.29,23.9,104,-3.5,-314,16.60181907
64,11,1.21,26.5,107,18.4,124,6.786852032
228,35,1.41,92.0,156,14.1,19,21.33834201
54,11,0.81,23.4,99,7.9,126,14.52676717
65,31,1.03,15.2,205,13.7,-201,14.63263644
240,107,1.36,70.2,297,-8.9,-176,6.114172238
136,41,0.06,782.3,62,-8.6,-99,15.49129368
234,47,0.17,573.1,49,7.1,-197,3.82961708
229,30,0.99,93.9,32,-3,-499,11.63973413
93,31,1.43,30.9,149,6.1,-494,11.24304821
58,21,0.45,40.9,31,-8.7,-298,1.092252897
172,73,0.53,89.2,45,5.5,-441,12.31003717
100,45,1.23,29.0,194,13.5,93,0.360745076
74,21,1.07,27.9,136,8.6,-217,4.263359007
65,26,1.44,18.4,67,8.2,11,15.24419868
60,13,0.9,27.4,7,6.4,-203,8.003251101
155,42,1.25,53.8,266,-2.8,115,11.64043952
209,61,1.1,69.0,206,2.7,-207,13.50057507
164,61,0.61,87.0,174,8.4,-232,5.21440265
129,13,0.58,94.0,121,14.4,-461,6.614859364
229,105,1.15,57.9,270,-4.6,-382,9.93791059
133,52,0.55,84.2,250,-5.4,-51,12.69363907
145,41,0.73,69.0,40,18.7,65,15.56328918
199,22,1,91.5,145,12.9,-469,9.180726006
56,15,1.08,20.0,233,19.4,-414,6.978138286
134,51,0.9,47.2,267,-7.1,-263,5.327417233
45,22,0.83,14.0,39,4.2,-281,11.95325553
188,36,1.39,76.2,174,4.3,-403,8.936591549
200,88,0.87,68.3,125,8.6,-225,3.50074992
92,29,1.47,31.1,265,10.4,-144,7.764114522
214,45,1.49,80.0,88,-2.3,-265,20.76291523
122,23,1.35,49.4,57,1.8,-82,5.741191615
193,41,0.45,163.7,136,15.3,26,6.488298936
190,33,1.25,79.0,223,9.8,-129,1.925654098
79,36,0.7,31.0,138,-2.5,-32,18.47391841
225,91,1.21,68.3,96,-2.1,-223,15.78262339
120,20,0.42,119.0,148,17,-369,20.06199561
89,39,1.21,26.1,186,-5.8,-484,7.969601265
178,56,1.35,59.4,15,16.2,-257,4.756211536
176,49,0.61,101.6,210,10.9,-1,6.622250498
50,14,0.17,102.7,245,18.1,-436,10.87450757
202,65,1.41,72.8,222,-9.1,-196,16.51184672
226,62,0.67,117.1,87,-6.1,-24,21.67344457
160,39,1.49,61.1,21,-3.2,59,1.778797987
154,73,0.96,41.7,221,-7.9,-497,21.33801801
121,30,0.72,68.5,135,8,-485,20.21690544
167,47,1.18,56.4,134,2.6,-438,21.00359664
49,15,0.06,274.5,262,19.3,-368,12.15778822
197,30,1.17,83.3,10,8.8,21,2.753352605
118,18,0.44,123.9,143,9.3,-42,19.15345935
61,19,0.8,27.0,94,5.7,88,12.06187389
111,54,0.71,40.8,123,17.6,-462,10.19762813
229,98,1.3,71.4,135,-4.9,-214,1.161783788
135,18,0.49,118.6,269,-7,-410,13.98587855
78,25,0.9,28.7,157,8.6,138,8.605593504
157,11,1.41,71.8,143,-3.6,-477,12.49389295
212,10,0.84,115.9,279,12.5,-424,11.29872424
223,67,0.95,82.5,196,-3.7,-368,14.4218041
112,15,0.2,230.7,204,-1.1,-479,15.89491361
94,45,0.16,147.5,23,15.1,-244,20.80297323
216,31,1.17,84.5,113,-0.6,3,5.037015971
128,32,0.43,121.5,136,9,-321,11.48217534
60,10,1.29,26.1,187,12.6,56,18.31405702
104,29,0.51,75.3,168,-8.6,-176,16.01386861
142,58,0.63,63.8,98,-9.7,139,8.698862189
167,48,1.11,62.9,99,3.5,-354,6.894020108
197,49,1.47,77.7,175,-9.9,140,12.67403851
78,31,1.35,20.9,12,-9.7,67,14.84828232
72,36,0.98,17.3,173,0.5,-277,2.203154449
199,14,1.1,88.3,258,-7.7,93,2.271170904
228,82,1.41,76.9,241,6.8,-367,20.06803305
205,19,1.34,90.3,54,-5.7,-33,14.12454835
148,60,0.86,50.8,21,4.3,0,12.0867089
96,20,1.48,41.0,222,9.5,-439,16.96262931
204,30,1.47,82.4,22,3.9,25,6.864071065
191,16,1.33,86.8,224,9.6,-106,11.92353155
76,22,0.08,339.7,65,9,-266,17.79465104
169,40,0.31,201.9,174,6.5,-227,21.99392728
184,21,1.01,82.4,86,4.1,-432,20.49916925
164,50,0.31,188.1,164,1.5,120,17.24584278
223,99,0.22,257.3,149,-7.8,116,17.59858454
233,104,1.11,65.5,180,-1.3,-398,1.767668719
88,41,1.09,24.1,280,-7.3,-429,2.411107163
192,23,1.36,84.0,185,5.6,-109,1.319930826
144,26,0.6,98.5,21,-0.6,-29,6.956291957
135,36,0.52,98.3,59,-7,14,9.810830273
105,43,1.38,30.8,155,7.2,1,2.849959102
81,36,0.8,28.5,298,11.5,-251,1.138392037
89,35,0.21,124.5,209,-9.8,-477,5.622297888
84,16,0.34,102.3,87,-4.6,-158,12.28876945
222,101,0.1,617.7,156,8.6,-196,15.62081535
186,83,0.7,77.1,194,-9,-91,3.027369055
153,66,0.13,339.8,2,17.3,118,15.37259037
68,24,0.44,48.2,112,10.3,-414,5.626351974
66,14,0.46,57.7,133,10.3,-238,5.93834468
225,46,0.56,159.0,269,2.4,-294,2.119257313
49,13,0.23,65.6,18,9.1,-247,0.18979139
73,35,0.6,34.3,152,14.7,-54,1.513168696
99,38,1.17,30.3,238,-3.8,-177,11.53380778
46,13,1.47,16.2,273,-5.3,-323,12.06115997
207,45,0.47,160.6,152,14.9,-382,9.244856191
118,52,0.42,78.4,132,14.5,87,12.91684178
133,28,1.5,55.6,162,7.6,-173,14.87870462
102,21,0.12,312.8,190,11.2,-395,17.84588279
119,49,1.49,31.8,127,12.9,-219,0.799583514
186,74,0.75,73.5,235,9.4,-154,8.223869374
162,64,0.85,54.8,144,-5.5,-154,21.67582913
112,34,0.7,50.4,142,19.9,137,4.829595789
227,87,1.05,67.9,182,19,-266,21.08463754
133,21,1.28,55.2,61,2.1,58,14.63883554
79,33,0.3,74.1,176,-0.9,-435,5.016955054
101,15,1.31,42.8,171,-2,-499,15.1065626
140,27,1.46,59.8,58,-4.1,94,12.49447452
53,22,1.15,16.3,133,9.6,-482,5.825886314
225,88,1.42,66.6,299,-3.9,-235,17.54709604
55,26,0.67,21.5,106,18,-307,10.77402821
195,39,1.41,68.6,182,0,-366,5.06812114
50,16,0.9,18.6,51,17.9,-465,14.15907767
79,37,0.4,57.7,1,3,111,11.42817238
92,27,0.86,38.1,128,-2.8,-1,9.075538785
204,57,0.86,88.0,88,20,92,7.280820898
67,15,1.27,25.7,177,-1.3,-122,10.04358812
65,15,0.69,36.6,107,10.4,-348,0.950863007
164,38,0.32,194.6,72,11.2,-39,0.362490444
79,17,0.9,33.8,74,5.1,144,21.1790788
111,30,0.66,63.4,189,9.3,-233,17.96746473
47,20,0.37,37.5,210,19.3,11,1.975294671
81,36,0.84,27.1,69,-7.9,-279,21.75193581
108,34,0.34,104.4,181,2.3,-259,10.85320545
86,17,0.49,66.4,237,4,-47,7.136245311
113,44,0.38,89.6,73,14.6,-242,15.95757462
194,70,0.67,90.5,197,-2.2,10,10.76355253
234,114,1.5,63.6,0,15.7,-35,13.25734637
131,11,0.25,230.4,180,19.5,-471,8.410362118
179,53,1.3,59.0,262,6.8,75,4.90188211
136,46,0.62,76.1,24,-5,148,16.72861918
154,66,0.88,46.1,252,8.2,-100,0.517813935
148,65,0.55,76.0,21,4.8,42,21.32607606
227,51,1.04,90.2,38,-5.7,-39,7.30785356
77,20,0.68,41.7,217,11.6,-482,14.32816894
90,42,0.06,357.6,103,15.9,-471,16.57728314
179,75,1.08,53.7,164,-3,-499,9.308200493
115,14,1.36,52.9,100,12.1,-139,6.778894586
168,78,0.49,90.9,90,-5.4,-48,11.49279002
173,86,1.38,41.6,59,18.1,-480,19.34488029
179,68,0.85,72.5,40,13.2,-344,0.803648024
61,20,1.26,21.4,104,8.9,-129,19.4956325
232,98,1.33,64.9,77,-6.3,-179,8.085867998
53,15,1.25,17.1,74,8.6,-164,12.42026987
210,67,0.81,86.3,156,-2.8,-289,14.18403866
137,54,0.57,74.7,156,-9.9,-317,8.066648014
129,19,0.07,842.7,71,3.1,25,20.65141987
80,20,1.32,28.3,158,1,-200,12.85784968
194,83,0.68,75.9,65,19.4,-129,1.420256161
105,48,1.37,26.4,144,12.9,55,2.526729764
143,13,1.16,64.4,209,-0.5,-444,5.500784653
107,35,1.1,34.6,19,14.6,-43,7.570720971
186,34,0.4,184.8,190,0.5,-44,2.006537418
158,48,0.66,89.8,280,11.8,104,0.031612068
164,76,0.51,85.3,232,-6.3,89,11.63448467
216,67,0.45,168.9,138,14.8,-134,15.67801319
65,27,0.11,173.2,245,6.8,-444,8.865085847
225,110,0.47,121.5,181,8.3,-191,19.71332564
119,30,0.22,219.9,114,-2.4,-161,8.289796061
206,71,1.43,64.7,246,7.6,-489,13.1907698
79,23,0.82,32.4,281,-1.8,-312,7.735554905
46,13,1.28,17.1,18,-0.4,-337,0.896773221
74,21,0.91,29.5,156,10.6,15,12.28256272
207,60,0.62,123.4,56,3.2,-367,17.07071592
51,20,0.05,317.7,30,3.3,-243,6.920992888
89,13,0.31,126.2,147,9.3,-500,8.868193947
92,29,0.93,33.0,135,5.6,95,17.70628467
60,23,1.39,16.8,213,2.8,7,18.94209371
59,15,0.22,99.3,188,-9.6,-453,7.262626691
196,44,0.29,262.8,247,2.9,-123,11.86518326
139,35,1.09,50.2,130,19.3,-117,10.63129159
129,33,0.61,82.0,170,12.3,87,2.261072477
111,52,0.88,33.4,177,-0.5,-311,10.32574336
56,11,1,23.1,66,-3.4,-188,9.670014378
100,49,1.44,23.3,116,12.6,-374,1.862159468
206,82,0.08,863.0,201,14.4,-387,20.47092778
161,15,0.21,343.7,160,3.8,-291,20.16978457
199,51,1.1,75.2,189,9.5,-231,9.80228932
170,19,0.64,119.0,229,14.8,-419,18.21048978
214,53,0.76,106.2,226,5.4,-16,21.50125621
75,23,0.56,45.2,11,1.7,-318,9.73390731
153,15,1.46,70.8,84,7,35,0.240508902
105,14,0.94,49.5,208,4.9,68,11.23586003
81,10,1.29,35.4,103,16.9,101,1.133775923
65,31,0.21,78.0,1,15.7,-372,14.07325017
199,69,0.99,63.0,212,-5.9,-90,12.97973375
227,71,0.22,335.4,176,-4.3,-21,7.938297033
135,60,0.66,55.0,236,-6.1,-413,7.095982952
212,57,0.93,82.3,147,-4.1,-352,14.81719889
57,28,0.56,26.1,215,11.2,80,10.40494601
64,22,0.2,103.5,268,11.1,104,17.05318563
111,16,1.3,47.2,222,-3.6,0,11.92150111
96,41,0.84,31.1,183,0.8,-137,15.12147266
148,18,0.1,631.5,204,10.7,-329,10.97196432
170,45,0.05,1234.4,225,3.8,-6,11.46952854
193,24,0.22,378.9,291,1.1,-120,0.81759652
143,40,1.37,51.8,15,10.4,-224,12.99088691
228,113,0.61,99.3,21,16.7,-275,14.24319667
174,16,1.19,79.7,146,-8.4,-82,21.70168695
114,42,0.33,102.4,135,0,-444,11.6117495
60,10,1.34,23.8,218,-2.6,-240,5.122763652
197,83,0.48,110.0,70,0.7,-268,2.642993989
127,63,1.19,31.9,241,6.9,136,7.242465612
94,38,0.07,386.8,218,-0.7,-357,13.53525217
142,27,0.1,547.4,190,6.8,-4,2.686495001
105,12,1.28,44.8,219,-1.7,-228,17.9396158
214,74,0.56,129.5,187,2.3,-321,10.99153455
172,67,0.3,182.9,51,-7.9,-445,0.806754236
204,28,0.07,1267.6,243,6.5,-462,7.227812639
164,50,0.86,68.5,239,1.9,-54,14.24581889
233,22,0.52,190.1,51,-8.3,94,17.76002987
219,58,0.95,79.8,122,18.1,-448,13.81283679
58,26,0.97,17.6,211,1.9,-30,18.3044052
131,39,0.46,98.5,29,-9.6,124,19.83232194
133,39,1.11,44.3,210,0.9,-118,8.794075554
169,40,0.09,733.0,246,1.5,-393,9.071373795
93,26,0.83,44.0,202,12.6,-352,3.854225294
69,11,0.6,44.2,60,10.3,-312,14.94005805
207,72,1.18,64.4,24,-5.1,103,1.228932793
72,35,0.6,29.6,240,11.1,-368,21.90875575
140,35,0.05,1006.9,155,10.8,-461,0.855667414
131,17,0.36,150.1,247,-8.8,-248,6.183476703
62,25,1.34,17.8,238,11,-272,17.74302461
233,46,1.36,95.8,253,16,41,1.909542037
59,27,0.94,16.0,188,19.7,-281,16.21264453
107,10,0.21,238.7,21,7.3,-251,14.5101684
233,75,1.37,75.5,146,-6.1,-142,9.80053816
77,27,0.85,29.7,51,10.2,-496,4.107843143
190,51,1.38,68.1,235,2.9,-144,18.83567676
87,25,1.4,29.9,195,18.3,-392,7.508560227
224,31,0.12,765.3,58,0,-383,3.622980202
150,16,0.52,136.0,230,-5,-266,15.98400299
219,109,1.13,52.1,289,18.6,-377,13.84570685
226,65,0.35,238.9,211,10.5,-313,20.05976399
202,33,1.32,87.1,293,-1.4,-427,2.519090737
194,79,1.09,56.0,96,17.2,-16,7.87925598
236,53,0.4,242.3,212,19.1,-271,11.0794728
214,82,1.27,69.7,261,6.2,-427,19.55762919
129,21,1.43,51.0,279,12.7,-408,17.11142618
142,31,0.85,66.6,253,-9.6,-303,1.327746859
124,62,1.26,29.7,219,8.7,-98,16.4484075
165,34,0.92,75.1,81,0.1,-115,21.59557266
227,103,0.12,510.4,232,8.7,-457,7.362380994
117,46,0.07,492.0,300,6.3,-165,4.731941596
68,22,1.06,22.7,142,15.3,-452,6.859850074
116,48,0.84,41.3,177,17.5,17,1.076682899
131,47,1.32,44.9,109,7.4,-300,16.04349185
151,42,1.13,55.7,52,6.1,-275,2.534120453
137,40,0.9,54.9,147,11.3,-338,5.566511517
62,15,0.22,102.6,174,9.2,145,18.34595673
88,35,0.37,70.6,162,10,-101,2.472383012
173,28,0.49,143.0,150,19.6,20,7.803922072
102,20,1.46,39.3,59,-9.3,136,11.92460721
165,13,1.41,80.1,132,13.5,-379,19.62772156
59,15,1.38,21.8,83,14.9,-162,17.21880832
168,81,1.09,39.0,281,4.2,-123,21.94789243
129,49,1.47,41.1,31,9.1,-223,20.37049476
166,22,0.83,89.1,60,1.5,-473,5.912911695
53,11,1.02,19.2,122,16,-431,16.08199398
82,33,1.46,24.3,242,-2.4,-124,8.78282378
124,38,1.37,41.9,211,-8.6,-494,8.444487378
190,49,1.17,68.3,176,-5.1,-72,4.797308785
200,47,1.44,75.5,222,15.4,73,8.716531105
72,14,0.2,147.1,70,12.5,-182,13.00081327
190,91,0.64,71.9,159,6.1,137,8.669976229
235,96,0.16,413.0,90,14.2,-318,1.837283907
199,78,1.26,61.0,5,-4.5,70,16.51030158
145,55,0.26,166.0,188,3.5,-395,0.941677227
143,21,0.29,206.5,259,-3.9,-144,5.036089256
63,24,1.39,19.5,209,-6.1,35,10.90870673
114,20,1.05,48.4,212,11.4,100,1.952244155
144,17,0.97,57.5,116,0.7,-469,11.60253088
133,41,0.13,379.6,297,18.6,36,6.195635331
237,45,0.1,957.7,144,-9.4,-267,8.270607691
62,17,0.89,26.1,231,-6.5,84,16.75515671
191,45,1.4,67.9,89,-7.4,55,5.12156229
123,13,0.29,173.1,267,-4.2,-352,7.201039245
66,12,0.49,59.4,13,-5.2,-105,5.247914607
119,50,0.91,38.2,233,-9.2,77,6.605067677
61,13,1.37,24.7,129,10.6,-12,5.71396326
227,42,0.41,245.2,292,3.8,-490,18.28979929
208,48,0.14,536.5,189,0.7,52,10.29360144
150,75,0.72,54.9,149,-8.6,-266,14.29292224
194,68,1.02,57.6,74,15.8,-382,19.14423062
47,10,1.18,17.1,280,-4.2,-69,21.4880349
120,47,1.19,34.1,289,16.1,-29,19.31258152
239,82,0.57,146.3,81,16.8,-22,2.126108523
215,68,0.74,99.0,287,0.5,-106,18.04298511
143,11,1.32,64.1,285,9.1,-166,5.81209256
125,50,1.26,35.2,82,-6.4,-409,8.066984553
63,22,0.73,29.7,128,11.8,-214,3.91704814
99,19,1.44,41.7,221,-6.4,-269,2.791732669
139,22,0.75,80.2,48,12.8,-196,15.84291437
193,59,0.16,417.9,35,15.6,-416,3.355846361
170,41,1.3,68.6,47,-1.1,-476,0.242348113
206,80,0.88,74.6,16,14.5,-324,1.958608566
215,45,0.93,91.1,236,16.2,73,8.136648419
48,14,0.22,79.4,53,4.1,-144,14.1271362
213,79,0.85,72.4,108,13.9,131,4.476378812
212,96,1.26,55.5,133,10.9,136,12.8148572
126,12,0.25,229.4,258,-4.6,-442,21.33605047
77,19,1.36,30.9,6,-2.8,-493,5.661681727
223,11,1.06,109.4,246,10.4,-366,6.928382428
116,26,0.18,242.9,16,6.2,-145,9.452683159
75,21,0.14,203.5,38,14.2,-422,15.06761727
214,19,1.28,89.9,255,17.8,-401,8.581064343
239,35,1.28,111.1,130,-5.1,-396,6.574467217
218,33,0.39,234.6,17,10.1,-89,1.924387965
222,67,0.96,80.9,216,18.9,-180,18.32978286
55,19,1.31,17.7,186,16.2,-488,9.1431495
217,102,0.81,64.0,285,12,-19,1.903376663
149,18,1.01,61.2,155,17.6,-403,18.50649761
219,27,0.74,131.3,40,-5.6,-170,19.82800945
123,39,1,43.2,22,12.7,-146,19.96986319
187,28,0.14,581.4,219,10,131,7.390639194
191,85,1.19,54.8,165,4.3,-157,13.45025226
118,37,1.17,39.6,133,-5.8,65,15.47399136
99,23,1.03,36.6,201,19.3,-320,11.39710456
157,18,0.05,1319.6,204,19.7,-494,19.39037264
228,58,0.45,175.5,36,19.6,-129,21.22317703
223,63,1.31,79.6,85,-3,-121,3.262755389
232,62,0.1,804.3,41,0.5,98,15.87784153
80,12,0.53,68.3,167,4,-103,16.35451712
137,14,0.65,85.1,65,3,-431,2.119195115
160,40,1.45,57.5,36,-9,-217,0.849321549
109,28,0.77,52.0,273,-0.9,-193,21.32393233
156,68,0.64,71.4,201,4,21,17.97203781
67,18,0.79,29.5,46,12.4,67,11.97002348
182,37,0.23,293.9,269,15.5,-112,13.92604459
166,54,0.28,226.9,203,-9.8,103,6.72176146
83,37,0.41,52.5,38,4.9,24,5.589750277
69,11,1.28,30.3,18,-3.5,-483,2.068635489
61,20,0.25,86.9,54,11.6,-258,8.713807886
208,97,1.13,51.8,275,19,-469,12.40089836
93,42,1.06,25.4,140,5.8,-303,10.90408531
172,77,1.48,47.7,217,-9.4,-22,1.818887591
124,30,0.78,63.5,290,-5.4,-138,12.66465177
139,15,1.49,59.7,209,-6.3,37,10.26859355
220,23,0.54,185.3,147,-3.9,-184,15.51344368
194,43,0.45,155.3,271,4.8,-362,12.34563566
57,10,1.45,24.0,79,-8.4,-301,17.91677818
109,51,0.31,85.4,11,-7,50,17.78589703
77,13,0.33,93.5,97,19.3,-426,0.233423366
187,42,1.42,71.7,258,10.8,-328,4.668347592
79,15,0.84,35.7,268,-0.4,-225,4.02494754
93,29,0.26,124.3,92,12,-432,7.387565573
212,72,0.93,71.6,244,-0.8,-305,9.092270313
128,11,0.92,65.7,23,1.5,-173,13.38536975
202,41,1.36,77.4,252,8.8,-202,21.83993444
89,40,0.6,40.4,192,-4.6,-467,20.30397147
135,61,0.82,47.6,120,-5.5,68,19.75919168
194,65,1.37,64.6,72,14.8,-451,1.067879778
92,42,0.54,42.7,21,-6.7,-172,19.63030946
98,24,0.14,281.4,248,-6.5,-322,3.131873156
169,66,1.03,53.1,52,-1.5,-169,13.49630807
210,77,1.24,64.7,66,3.1,-454,10.88753641
139,55,0.15,259.8,299,9.1,-79,8.81799842
230,53,0.98,98.4,203,6.8,147,12.34630813
74,24,0.7,34.9,268,-2.5,-404,8.02148243
100,18,0.78,53.8,108,-7.2,-102,12.56302689
92,13,1.26,37.5,222,14.7,-335,19.78794027
152,60,1,47.7,257,2.8,-12,3.209102635
175,14,0.46,174.9,278,7,-152,13.91261181
72,24,1.21,23.2,202,16.7,-41,12.76875111
102,43,1.29,28.7,111,-3.7,-205,0.698648813
149,74,1.01,37.6,123,-3,-387,12.3444305
61,11,0.51,49.3,47,3,-231,0.465342618
50,16,0.38,44.4,202,2.2,-26,6.879352662
163,61,0.3,169.7,269,10.7,-442,1.574731979
52,11,1.08,20.1,220,-6.1,-8,20.71556304
157,71,0.79,51.2,212,4.7,63,8.174475121
82,28,1.45,25.0,212,2.8,-51,19.79425236
203,98,1.28,55.6,271,19,-44,18.90383673
238,54,1.4,91.4,292,-4.8,-172,2.66803198
210,84,1.37,60.8,120,-3.2,-26,13.51614562
199,67,0.67,97.7,80,7.5,12,11.53358735
115,53,0.15,230.0,180,-3.4,-446,8.262924947
214,14,1.46,103.2,295,0.4,-259,14.44809438
239,66,1.16,83.0,131,11.4,-355,20.19297539
240,79,0.94,84.1,160,17.5,-447,1.507261878
45,16,0.98,15.7,38,4.3,-196,19.25068158
167,69,0.77,61.1,35,15.2,-357,6.782528518
124,48,0.16,239.3,298,9.7,-317,9.345066957
151,46,0.78,68.6,269,6.8,-218,13.47327229
157,57,0.15,337.3,209,-9.5,21,20.65725706
99,35,1.27,31.1,139,-3.8,-485,4.165084215
231,59,1.11,82.5,233,13.7,-281,0.447430958
98,29,0.88,41.3,194,19.1,97,13.64150856
179,52,0.9,62.4,28,-4.3,-216,21.67122024
57,24,0.07,243.2,34,1.9,-96,8.856129443
60,25,1.09,17.4,278,2.1,-477,18.53069878
57,13,0.29,73.4,293,-9.8,3,11.05814037
239,93,0.9,82.0,19,-9.7,140,9.564848434
120,58,0.3,99.7,62,12.6,-155,1.715342485
101,35,0.63,56.0,157,7.9,-80,5.514863256
212,97,0.52,114.9,85,10.9,-236,20.46382297
45,14,0.11,145.1,140,7.2,48,5.617226011
186,10,1.3,86.4,246,-8.6,-256,5.712057642
182,82,0.3,157.7,277,16.1,-404,20.23464111
142,22,1.48,59.9,67,10,-56,13.53415153
200,90,0.23,234.9,293,8.3,-284,14.62498513
67,15,1.26,24.9,106,7.4,-34,11.30691158
196,57,0.92,80.6,235,14,18,3.578377539
132,52,1.18,38.9,295,12,-256,5.123182232
127,23,1.19,48.4,257,-2.2,-422,18.37021269
104,25,0.94,42.5,54,-2,-105,18.74509952
122,49,0.41,84.5,297,-2.3,-365,9.002944162
167,61,0.07,739.0,296,6.6,-363,0.242539629
139,25,1.31,55.8,24,1.2,-365,3.825205729
139,46,1.25,46.7,136,-9.4,-311,16.05697516
82,15,1.37,37.4,39,-6.5,-459,8.216029767
226,10,0.98,112.4,90,5.2,134,1.945464049
142,54,1.3,45.4,1,-5.2,7,13.87225215
178,62,0.57,99.0,109,-7.6,6,21.69000835
106,45,0.31,95.3,242,-10,71,8.014474886
161,31,0.1,589.6,85,17.2,-361,16.4599247
211,50,1.35,82.7,207,-6.7,-51,6.198085835
47,22,0.53,22.5,192,0,-209,4.751671157
46,21,0.15,78.3,128,-7.9,-437,15.34070717
57,21,0.81,20.4,140,13.6,-200,0.482793217
115,47,1.19,35.0,267,-5.2,47,0.0094119
159,32,0.15,443.4,162,-7.4,-329,16.49716081
152,23,1.42,65.3,286,5.6,-302,0.656101142
62,30,1.43,16.2,258,-3.2,15,17.12576972
162,37,1.4,59.5,8,15,-181,13.74113242
61,30,1.49,16.5,49,-2.4,-391,0.220167947
128,34,1.17,46.0,180,8.3,-158,2.740862473
227,69,1.33,81.2,193,12.1,-412,11.14913089
71,12,0.17,183.1,178,-5.6,124,21.35414317
124,38,1.34,42.7,202,4.8,-199,4.897431335
130,40,0.62,72.7,2,-1.7,-149,19.45370281
155,26,0.42,162.5,197,-10,-241,20.22586346
175,49,0.71,85.2,22,-6.8,-123,18.19790148
235,55,1.36,95.2,200,2.9,20,9.195503821
221,24,0.1,897.9,81,17.7,-159,20.10403148
162,73,1.34,42.1,216,18.6,-250,7.452283028
119,27,1.47,45.4,159,12.5,35,0.531550681
85,21,1.17,30.6,280,-2.5,-264,21.48275311
84,11,0.92,39.8,235,1.6,-216,4.934834118
96,26,1.2,33.4,90,-5,-306,19.8129636
188,44,1.05,75.7,191,4.3,-475,16.8994565
100,17,1.11,39.6,15,6.7,-313,12.64718229
139,24,0.95,66.4,231,10.3,-217,19.61475999
166,55,1.09,58.1,5,0.9,-342,21.3148235
151,43,0.83,66.4,69,-2.4,-205,3.218501939
141,20,0.72,87.5,197,13.2,-402,15.63605364
47,18,0.9,15.9,256,18.5,-153,2.261810669
105,35,0.32,103.0,160,12.9,-237,5.645305188
57,12,0.26,93.7,184,17.3,-222,0.438038849
79,21,1.23,29.5,19,16.5,-450,14.35108057
65,19,0.7,32.2,35,17.4,36,17.80953917
173,36,1.07,69.3,248,-8.5,-458,21.05944985
88,29,0.29,94.6,2,8.5,-330,7.301490596
147,17,0.91,74.9,247,2.5,139,6.394476487
240,102,1.16,70.6,138,0.7,141,6.815153323
207,23,0.32,274.1,117,-5.3,-270,11.96396955
234,14,1.24,113.6,200,7.1,-151,8.877702599
75,24,0.62,39.8,141,9.3,-317,5.538494957
239,70,0.96,85.0,48,-6.3,-434,9.309178533
71,18,0.88,32.2,152,17.1,-474,20.6399738
107,22,0.87,51.5,132,-8,-479,11.37144527
203,78,0.51,119.2,15,-0.7,-438,12.02562375
172,26,0.2,398.2,125,19.4,-198,7.787320551
203,42,1.16,78.2,152,18.5,-127,16.31822697
86,41,0.3,74.4,0,20,-73,4.045228349
154,39,0.88,65.4,92,12.4,-294,19.02796831
117,22,1.28,49.6,230,3.7,9,15.03573205
150,56,0.1,469.5,269,-4.2,-198,11.72822849
74,30,0.58,38.7,206,8.9,123,4.658528414
229,27,0.74,136.8,249,0.8,92,8.098292199
198,28,0.18,464.0,181,18.2,-313,18.65978778
220,84,0.13,522.4,166,-1,-438,13.27008174
213,49,0.9,90.7,198,5.2,-247,13.2043639
212,70,0.52,136.0,217,17.7,-363,15.08536391
186,85,0.18,289.0,196,6.9,-103,13.22948921
45,10,0.12,147.8,151,-4.9,-167,0.928301923
103,33,1.3,34.1,265,8.8,22,3.282295569
195,54,0.1,753.0,54,2.9,107,5.798406959
141,47,1.05,47.8,77,1.3,-287,10.64683549
100,39,1.47,30.4,240,-1.8,-458,3.828920691
122,13,1.32,50.8,50,19,-492,11.73389822
173,36,1.35,63.1,168,6.4,-80,21.09027718
99,34,1,35.1,111,5.3,-386,20.72560417
179,14,0.91,90.8,275,3.2,-119,11.21617129
57,15,0.06,340.0,250,11.9,42,1.207923597
72,11,0.28,104.4,7,4.6,-203,21.92977287
216,96,1.13,54.3,3,-4,-220,18.82002202
107,13,1.31,49.4,195,-8.1,-94,13.83836142
124,27,1.25,46.4,231,-3,-169,19.91140256
103,18,0.36,113.7,202,-8.7,-166,11.50639088
92,25,0.2,169.2,22,-9.9,-148,10.25294187
197,51,1.06,73.5,22,6.2,127,19.15951026
195,11,0.99,95.8,173,-8.2,-36,17.34542322
96,15,1.33,41.8,26,16.6,-191,12.0828126
67,28,1.45,20.4,86,4.6,-90,18.48882804
139,33,0.73,74.3,65,10.5,-328,3.784144504
226,83,0.4,167.9,69,-5,-83,17.86115856
182,84,0.59,87.4,287,8.9,114,4.311953504
219,32,0.51,194.2,109,11.9,-76,2.081045814
111,11,0.78,68.5,41,17.7,-461,19.48320307
213,99,0.55,98.7,159,11.3,-38,3.514100334
193,79,0.49,112.0,238,-0.5,-180,19.37009043
188,54,1.23,70.9,158,-8.3,-261,5.284101202
85,30,0.22,120.0,54,-4.6,-269,2.196884748
99,44,1.41,28.3,198,17.3,-359,9.532250483
70,16,1.21,27.6,169,-1,-117,18.65378371
144,33,0.92,62.3,58,16.5,-145,4.064626669
86,28,0.28,104.2,224,8.2,93,17.98553401
146,65,0.09,455.4,121,4.4,-344,1.470153182
80,38,0.43,45.9,120,5,-446,9.303763093
146,21,1.08,61.1,90,-8.2,-317,20.04611686
97,37,0.98,32.6,136,8.8,-14,20.96135043
101,24,0.48,78.3,171,-3.5,150,15.61602083
147,39,1.36,51.5,84,4.7,-205,2.537554746
192,10,1.4,96.8,39,-5.2,-188,9.805991567
125,30,1.37,48.4,93,-2.3,-234,14.13734456
77,20,0.38,79.4,127,-7.1,-163,13.74560374
189,20,0.7,120.1,259,15.6,-299,13.87408207
187,67,0.56,107.6,223,-4.7,-275,10.18483473
109,31,0.05,770.0,187,-5,-231,16.76402807
187,40,0.11,657.5,161,-5.9,-485,0.491282879
220,18,1.16,95.6,100,19.7,-280,5.226996388
213,23,1.24,96.0,123,18.6,41,7.789732496
129,44,1.37,43.1,190,-4.6,-438,11.15564932
207,86,1.44,62.9,140,-5.3,73,13.78556734
165,72,1.19,46.0,27,14,-427,20.1793587
140,27,0.53,112.1,104,3.3,110,16.20493692
239,92,0.73,96.1,162,6.1,-317,8.547920408
114,24,0.71,66.9,74,-2.3,-475,6.031162047
67,12,1.08,28.7,143,19.4,-450,18.04123855
182,26,0.88,83.8,104,17.3,-329,18.1863119
237,98,0.94,73.2,262,-9.4,-252,0.077530322
70,30,0.9,21.6,72,-0.5,-282,10.6873825
173,37,0.49,132.8,15,18,-463,20.10848817
84,42,1.29,20.2,197,4.9,29,18.81933513
178,28,1.28,72.8,180,4.5,-304,21.54166701
94,41,1.33,28.9,110,5.4,-140,13.60909638
114,23,0.05,918.0,49,10,29,21.58070829
56,17,0.63,30.1,62,5.2,-36,17.15154891
100,33,1.3,33.3,120,15.5,-191,2.786137812
63,16,1.21,22.7,223,10.9,-191,18.9150674
58,26,0.15,99.5,80,10.9,-246,21.2759817
222,56,1.22,80.6,284,14.2,-486,17.13003178
236,29,0.25,408.4,85,18.8,86,16.30245364
202,72,0.74,85.7,179,19,23,0.626930207
154,64,0.2,218.3,157,13.1,119,19.6538669
110,21,1.39,46.2,23,-2.8,19,17.12259915
78,16,0.2,158.9,249,-9,-234,20.0838893
217,79,0.12,539.9,119,17.7,-432,11.35232651
222,69,0.56,129.2,0,-5.9,-449,7.151319959
93,17,0.27,145.3,180,-9.4,45,1.163378193
138,34,0.44,113.2,3,4.6,135,6.728650653
197,47,1.42,82.9,298,4.9,-320,6.892292224
227,45,1.45,97.9,101,-4,-12,5.040395037
51,16,1.09,18.3,205,-4.8,-293,14.31411165
86,32,0.12,215.9,155,11.3,-27,10.19530402
109,21,0.49,87.5,236,13.8,-173,0.0065864
120,15,1.27,55.0,22,14.8,-444,0.751431356
71,14,0.26,115.8,152,-10,-304,6.93745133
127,29,1.42,52.3,68,-9.3,-76,20.09208643
190,25,0.13,617.9,88,-3.1,-233,13.64336985
144,71,0.97,39.0,258,-4.8,-211,9.772677822
151,36,1.47,53.6,91,-5.1,121,6.637420147
127,55,0.6,62.5,109,17.3,-353,7.779067822
61,23,1.29,18.7,275,-4.5,-424,0.707255738
181,52,0.33,183.9,275,8.6,-338,19.03835475
82,31,0.62,43.4,231,10.9,-232,14.90732919
63,13,0.5,46.6,142,16.7,25,12.26613608
108,21,0.9,50.7,48,16.1,-325,21.14227006
222,35,0.83,108.7,203,9.3,-300,11.75697776
140,63,1.2,36.5,125,3.6,-478,19.44132614
129,59,0.22,168.4,220,10.1,-297,4.613869583
212,10,0.37,268.2,223,7.3,36,7.58649949
57,18,0.13,141.3,97,15.6,-384,7.173522009
167,19,1.44,79.4,191,12.6,-83,9.588755192
48,21,0.79,16.6,167,8.6,71,17.78302026
46,15,0.24,55.7,219,16.3,-95,21.84510363
73,19,0.11,248.1,22,12.9,117,0.846463799
182,30,1.41,76.1,263,-7.8,-214,8.409925067
69,31,0.94,19.0,131,5.3,-157,3.67348584
176,33,0.72,102.5,25,3.4,-340,9.589988236
188,61,0.14,467.9,159,-1.9,9,0.130041037
167,79,0.07,624.6,217,16.8,82,14.94517337
104,39,1.28,31.7,111,12.6,95,11.4817949
114,17,0.72,66.4,156,3.9,25,6.974742298
67,23,1.26,21.9,235,0.1,-153,11.45776047
189,89,1.29,50.9,143,-8.8,-388,13.3979513
121,13,1.11,53.0,253,15.6,-498,9.162952091
221,14,0.66,168.6,233,17,-93,18.78976349
110,14,0.13,371.6,134,-1.2,88,16.1035722
222,78,0.25,285.0,232,-5.5,-143,7.824321759
192,81,1.26,54.8,283,-2,-398,6.275334382
128,29,0.31,159.1,289,-2.4,-313,3.771032928
62,23,1.5,18.8,214,-6.1,-281,4.462259014
52,10,1.46,21.0,42,-0.3,-5,21.03353623
150,33,1.25,63.0,20,7.7,-341,3.889466587
151,28,1.27,67.0,235,-7.8,-282,10.86369425
213,18,0.55,197.0,147,0.8,-278,12.58188578
169,59,0.43,121.0,116,3.3,-209,12.30627053
76,30,1.1,23.7,225,-4.5,-466,3.197973826
129,13,1.49,58.6,217,13.3,51,6.019801042
172,74,0.33,154.9,56,1,-452,15.00884416
230,104,0.58,111.5,236,-9.7,-391,12.01657097
104,17,0.52,82.4,296,6.4,-393,21.45682955
235,20,0.77,130.4,271,2.2,-467,4.531454139
211,60,0.85,85.4,143,17.7,117,8.141294687
111,30,0.24,176.9,255,15.6,-297,5.817665758
100,12,0.44,102.9,40,3.6,-82,21.83946372
112,35,1.25,39.7,60,-7.5,108,6.691262655
199,61,1.09,66.3,125,13.9,-300,9.841331964
148,19,0.86,75.9,172,7.8,-1,17.25716827
224,53,1.38,79.9,42,6,-29,19.25698674
141,42,1.06,46.9,273,-9.4,86,14.70061503
108,16,0.7,64.1,66,4.8,28,3.808412132
124,24,1.03,45.1,219,18.3,138,1.321116165
121,39,1.25,39.6,101,-4.1,-120,0.811957378
145,25,0.95,66.0,132,-8.7,-410,7.97807671
227,14,0.54,202.1,264,17.1,41,2.449671876
94,42,0.98,25.8,155,0.8,-120,13.22999174
108,12,0.25,186.2,20,3.6,-494,9.638408404
95,22,0.26,139.0,158,15,-212,7.430286633
183,10,0.98,91.6,69,-3.9,138,5.030015526
183,38,1.48,76.3,80,0.5,-438,21.03703681
62,25,0.23,73.8,73,5.3,124,14.93618242
182,58,0.8,77.7,205,-0.3,-379,6.92373006
152,56,0.53,83.7,119,9.3,144,16.60559447
92,44,0.34,73.6,17,10.6,130,7.315081821
142,42,0.69,72.6,176,2.8,-368,5.737069164
45,15,0.47,32.5,69,2,23,4.371476382
98,28,0.8,43.8,27,9.3,106,3.784430648
165,45,1.36,61.4,67,3.2,-14,9.276734289
76,17,1.2,27.5,294,-0.8,-290,4.936505304
143,64,0.79,48.9,240,15.3,-485,9.607485865
150,46,0.96,58.8,23,3.3,-401,11.41473333
55,14,1.25,20.5,282,-3.9,-105,13.67827521
168,72,1.15,49.3,166,-8.3,-234,12.28616017
177,50,0.34,178.4,57,10.1,-247,8.039097533
230,25,0.79,136.3,168,-2.1,-117,14.9877397
115,23,0.33,141.0,27,4.8,-340,3.84060121
159,22,0.94,71.6,197,5,-37,12.45499308
187,32,1.3,70.9,34,19.9,27,16.02560348
182,53,0.96,70.5,61,-9,-269,5.894306093
53,18,1.16,18.6,128,8.5,-115,10.33695193
68,20,0.1,238.1,44,9.7,-128,4.130838351
140,10,0.87,74.2,19,19.9,-99,18.20462955
144,41,0.87,59.5,102,19.8,-76,1.392748053
85,27,0.41,67.7,207,14.6,-162,11.73103895
144,71,0.3,131.6,53,-4.1,-124,20.74964053
172,42,0.81,84.1,44,-7.2,-324,15.26929942
202,38,0.66,125.1,111,10.4,-3,17.72329208
129,25,1.47,58.1,289,14.7,-205,14.92615771
175,22,0.87,96.9,41,20,-433,7.578487218
51,14,1.01,18.2,2,11.5,-373,0.504639082
190,10,0.6,153.2,9,-1.2,-334,17.71156692
180,22,0.83,95.1,135,4.8,-39,6.257887402
49,16,1.01,15.7,191,13.5,45,4.183785869
172,34,0.83,83.8,93,8.1,-118,2.557729539
201,32,0.1,833.4,1,9.5,-293,21.71911825
62,28,0.32,54.0,205,-8.6,-400,19.65621882
233,63,0.56,164.0,228,2.9,-302,18.58014748
191,25,0.42,202.2,96,0.3,-30,6.670153604
142,15,1.17,60.2,165,7.9,-292,0.030706576
124,55,1.09,36.9,117,6.4,31,8.299425587
54,17,1.14,17.7,181,-9.9,-192,21.14757549
95,35,0.83,33.1,190,10.9,-378,6.660030641
155,46,0.3,177.2,171,19,-213,11.71926858
101,47,0.91,29.8,116,-1.8,-15,15.14366907
64,18,1.44,24.1,73,15,36,8.300315029
51,16,1.27,17.0,280,-0.4,-314,3.669643725
80,18,0.48,62.2,292,5.9,-266,6.025132935
222,66,0.38,206.1,186,14.1,17,20.28773168
183,29,1.46,87.1,12,3.1,-212,12.06531514
115,28,0.89,48.1,17,6.2,-62,11.66702955
128,10,0.61,102.5,150,5.1,-200,14.60386406
52,26,1.25,13.5,177,-9.9,-263,15.40610103
205,62,0.43,159.1,277,-0.4,122,14.05421217
174,50,0.62,92.1,142,19.6,-308,17.72859521
185,82,1.15,49.7,54,14.9,46,16.35331368
80,39,0.3,66.9,107,17.1,-461,1.653260889
135,61,0.43,88.0,169,12.2,-303,18.45783211
113,34,1.39,40.7,150,13.7,-325,21.73529797
178,19,0.86,96.9,71,-1.7,-182,13.53196661
87,20,0.5,70.6,140,3.7,-325,10.05738952
144,14,0.75,81.2,125,7,-27,21.33066786
77,36,0.69,30.4,221,-8.2,-314,11.59343476
53,21,0.55,26.7,252,-8.9,-302,15.07985492
170,31,0.34,206.2,151,0.4,-464,19.93102886
144,35,1.42,53.4,229,12.1,69,1.062311463
85,25,0.37,82.8,152,-3.5,-164,1.646756
84,11,0.22,167.8,27,-7.2,-178,11.05003156
171,61,0.71,77.2,239,2.8,-482,5.665360366
75,23,1.47,28.1,79,0,-16,16.75673713
156,75,1.22,42.0,47,6.2,-399,15.873507
101,23,1.45,46.1,113,7,-219,0.797649564
172,71,0.99,50.4,68,-0.6,144,19.72494508
170,27,0.95,73.1,237,8,-148,11.92377348
50,18,0.92,16.1,34,-1.6,58,0.603270064
109,25,0.94,44.5,4,15.2,33,0.452331297
194,82,1.21,57.6,252,5.2,-485,0.452351952
61,24,1.39,17.8,41,-8.8,45,21.07514005
50,10,0.36,54.0,275,12.5,100,19.03882023
153,23,0.7,96.0,102,1.9,-119,9.346547673
109,11,1.08,47.0,263,0.1,-197,10.11057844
231,101,1.35,70.6,240,6.6,-175,5.882978387
187,82,0.93,54.5,46,16.6,-117,12.93421969
144,58,0.79,56.6,123,-4,-206,11.12108022
140,45,1.38,45.2,6,-0.1,-364,11.45841475
190,11,0.91,100.2,186,15.1,25,11.29892892
205,98,1.29,52.4,99,8.3,-183,11.78248278
135,11,0.83,78.7,110,-4.7,111,14.90303723
213,72,0.05,1373.5,138,13.8,-135,20.18735506
151,37,1.21,56.9,67,-1.8,-254,21.84589945
196,95,1.36,48.4,23,2.7,-419,3.424790745
73,12,0.97,31.2,70,4.3,-401,21.21750065
231,68,0.22,368.3,18,17,10,1.793868358
210,50,1.5,76.8,190,1.3,-473,18.93114597
223,67,0.26,281.2,219,2.9,91,8.916361349
90,40,0.34,75.6,288,12.3,-69,13.26298252
179,67,1.06,56.3,72,9,-100,3.440453319
132,25,1.13,55.4,121,18.6,-332,8.207871469
85,13,1.22,36.1,214,-3.9,-115,9.199836809
88,22,1.4,33.8,143,-0.2,-70,17.45252194
50,21,0.15,96.8,294,13.5,-467,16.59432364
91,42,1.38,23.5,152,-8,73,11.31275912
114,47,1.27,35.7,279,14.5,-122,18.48332658
199,16,1.03,87.7,81,-5.6,-21,14.49236108
172,47,1.27,61.3,167,8.2,99,0.790277483
211,91,0.42,139.2,249,-5.9,102,9.137173413
136,13,1.1,66.4,10,-0.7,-349,1.033886533
83,12,0.43,83.0,176,8.1,-351,0.650446962
228,72,0.26,312.5,7,-4.7,-431,8.179039839
230,14,1.3,109.3,71,18.8,-198,17.1122606
204,60,1.36,77.7,290,15.4,-288,17.62777078
150,20,0.46,143.4,225,11.5,-64,8.894389856
124,11,1.46,53.5,23,5.1,25,13.01811418
206,45,0.96,77.7,33,16.3,50,6.730901657
159,33,0.66,93.3,54,9,13,10.44246282
62,13,0.44,57.7,233,3.1,-432,11.92181729
234,103,0.06,1003.3,77,-9.2,-228,1.440827001
103,16,1.48,44.6,41,-0.7,-230,15.90480156
91,27,1.4,32.5,165,4.6,-270,20.45579242
45,11,0.89,19.6,174,-1.5,80,4.980595192
119,43,1.01,36.7,238,-3.5,-105,2.079748532
133,27,0.95,53.8,62,-0.5,-308,1.264857327
48,20,1.34,11.9,271,5.8,-150,17.06857744
172,29,0.77,91.5,270,-0.2,5,14.75276883
58,11,0.9,26.0,264,12.5,25,19.60091269
132,40,0.83,57.1,228,16.3,-413,3.860580277
148,63,0.06,638.2,165,19,45,14.35861194
196,53,1.3,77.2,184,13.4,-98,12.42894494
105,14,0.19,232.5,142,18.2,-99,15.2512599
152,21,1.33,67.5,138,13.7,138,12.14250141
52,13,0.06,331.9,166,13.8,-26,14.44673613
86,21,0.58,52.4,264,16.4,15,14.45326854
180,45,0.92,74.3,197,-6.3,-139,13.30297565
47,17,0.22,68.0,69,-3.4,-459,19.72656349
92,30,0.35,85.2,202,15.5,-354,13.62602331
60,12,0.24,98.4,198,13,-54,4.164388001
207,57,0.75,106.9,41,14.4,-303,20.49709103
203,84,1.14,55.5,158,17.3,-439,10.58574249
223,38,0.38,251.8,290,10,-98,12.20946336
65,14,1.12,24.0,280,11.3,-461,18.50734974
138,51,0.12,347.7,39,7.8,-466,14.59935968
234,87,1.08,75.9,9,-3.5,-30,13.12761514
195,13,1,96.0,17,6.7,17,19.63552939
159,74,1.02,45.3,156,19.3,-115,18.15112959
117,49,1.36,35.5,246,4.7,-179,15.71871
135,35,1.05,50.5,177,11,-453,16.01373938
235,21,1.29,107.3,104,17.6,-220,9.364630021
113,14,1.21,50.1,228,3.3,-315,20.02655231
197,92,1.1,53.2,170,3.8,-66,3.358916235
164,57,1.17,55.4,155,16.1,-459,17.96624014
157,27,0.88,70.4,262,9.6,67,6.789263227
161,24,1.21,65.6,121,19.6,-474,13.23430307
78,32,0.4,62.9,252,2.8,50,6.067011911
52,14,1.36,20.0,174,12.9,-83,12.30328641
185,74,0.07,855.3,229,18.8,-448,20.6139292
61,24,0.52,36.0,228,3.2,-430,1.773899063
149,29,0.54,111.3,203,13.9,49,0.460283876
237,51,0.53,175.7,25,4.5,26,12.94082386
134,60,1.46,39.4,66,-7,-402,13.8416282
70,22,0.27,89.4,215,14,-251,9.414400565
178,33,1.05,73.1,161,-9.1,-147,12.43728093
81,23,1.15,29.9,90,1.1,-308,7.594178569
232,40,0.39,248.0,25,13,-338,6.514290696
106,35,0.28,123.4,200,11.7,-409,3.258798148
171,72,0.56,92.8,40,-9.3,-481,17.42732272
212,21,0.69,135.1,58,-2.3,-368,21.16598451
229,36,1.36,101.2,74,9.6,-396,1.714175693
110,15,0.65,78.4,191,2.3,138,8.256597582
55,18,1.08,17.4,174,13.4,-8,16.12713282
197,82,0.48,119.2,292,11.9,-277,14.50203993
122,51,0.68,44.2,275,-9.6,-455,0.069760555
134,27,0.09,638.0,286,16,104,14.81761049
198,61,0.59,124.9,15,-7.7,92,16.78587668
107,11,1.38,45.4,112,0.6,133,4.476902533
87,19,0.06,556.1,297,-0.8,-335,12.177725
106,35,0.15,226.1,243,9.7,-382,4.159516643
55,12,1.17,22.5,69,15.2,-368,3.944446914
188,43,1.27,72.1,25,9.8,-382,10.4702806
90,20,0.22,157.6,79,15.6,12,0.332075001
93,44,1.13,24.4,248,5.3,95,9.604789469
105,38,0.26,118.5,267,-9.2,8,8.954360436
119,42,0.98,40.0,212,15.4,38,3.800506907
170,64,1.13,54.4,90,-7.3,-392,17.65216455
70,18,1.37,25.0,284,18,-494,12.53074226
190,34,0.12,628.9,181,-7,-105,2.025338147
110,49,1.3,30.8,93,18.3,-179,5.942097282
230,49,1.07,87.1,52,-2.1,-220,4.203653743
140,36,1.43,56.2,261,-3.8,122,2.633618529
63,25,0.13,143.3,289,4.7,118,1.747751175
55,11,1.19,22.0,252,3.1,-243,18.5162484
186,89,0.71,71.6,196,2.1,87,3.649820095
155,56,0.8,68.5,70,12.9,-265,9.493338932
208,41,0.43,187.2,130,1.8,-140,12.49352419
225,77,0.29,265.0,175,-7.3,-129,7.165339629
49,20,0.47,31.7,252,7.6,-113,9.15296863
146,15,0.08,842.1,87,4.2,138,8.143343895
165,74,0.8,57.4,14,1.6,-296,21.28032804
127,21,0.75,65.4,258,13.4,-211,0.905618572
233,82,0.78,107.2,141,-2.6,105,3.793975342
119,52,1.07,34.1,252,17,-303,15.5615493
123,34,0.83,53.0,146,5.8,143,16.13355538
166,77,1.28,43.3,179,-6.2,-159,10.59252257
108,36,1.21,35.1,104,17,-202,20.57990249
68,10,0.84,34.5,226,-4.5,-197,3.206638425
151,45,0.25,205.0,292,-7.6,-452,16.111966
210,72,0.85,80.7,195,17.9,-218,1.000873626
128,58,0.78,43.0,97,-0.9,60,0.265215839
158,57,0.43,109.6,173,11.4,-209,14.24355749
92,19,1.23,38.2,167,19.5,-331,21.04126689
69,19,0.05,516.3,231,18.4,-262,17.33842087
87,33,0.53,54.7,125,0.1,56,13.29525966
61,29,0.18,86.4,163,10.1,-91,20.98656405
112,11,0.9,53.7,24,5.9,-226,13.04402398
147,37,0.51,109.6,199,-3.5,-234,1.732748248
97,41,1.16,27.7,174,-6.1,-404,1.58603856
175,12,1.46,85.3,12,-7.2,132,0.352418952
231,110,1.03,62.4,28,1.3,-42,7.76657572
110,52,1.01,29.7,229,18.9,-421,0.273746151
79,18,1.09,29.2,238,-5.2,-177,9.624410565
130,49,0.49,87.5,4,16.1,-264,21.35868159
107,19,0.74,60.6,50,4.9,-130,9.925715876
81,40,1.02,21.3,159,-3.8,-45,1.908936738
80,39,0.17,128.6,155,7.4,-438,18.83645721
61,23,0.49,42.3,197,11.7,-350,15.27153954
60,13,0.99,25.5,127,4.1,-9,13.06315195
45,16,0.73,18.0,201,-6.3,98,8.880972171
160,71,0.78,58.8,180,18.1,-51,12.81794963
66,18,1.44,25.0,273,2.1,-148,2.826673518
126,56,0.27,131.4,247,7.2,-36,6.644012738
121,38,0.44,107.3,124,-5.3,-445,7.931016386
207,71,0.66,99.9,134,-6.4,-63,3.327115105
195,52,1.44,72.5,266,14.7,-14,12.77694035
123,40,0.84,51.0,236,19.5,15,14.7544379
218,93,1.03,62.2,66,-5.8,140,11.51331378
223,33,1.08,102.3,170,4.1,-453,16.69336335
148,20,0.59,106.3,158,4.9,-60,4.129417282
135,31,0.08,670.8,132,15.9,-410,1.080410629
240,80,0.4,213.1,41,0,-494,6.463778592
64,30,0.87,20.8,165,-1.9,92,0.627424309
111,17,0.27,172.2,83,13.5,-320,13.07761922
182,12,0.54,161.0,68,18.2,-170,6.896024405
190,34,0.82,93.6,183,7.4,-343,5.912221285
240,26,0.5,216.8,153,4.7,-118,6.094555453
238,46,0.91,116.1,64,-8.5,-489,17.09905912
226,74,0.06,1264.6,114,-8.7,147,1.825977544
138,13,0.59,102.5,231,-0.6,-257,12.79887091
209,54,1.27,75.8,255,10.7,-423,5.638156571
196,22,0.54,149.3,255,3.9,52,19.26103435
57,13,0.43,49.9,134,-3.7,-87,20.20068592
168,11,0.38,205.1,97,-5.2,-210,7.667932897
130,16,0.47,119.4,35,13.8,-349,0.80638336
106,27,0.46,81.1,49,0.1,-408,6.881180894
236,43,0.39,255.1,87,-3.9,-428,15.78617149
125,14,0.72,75.5,166,5.1,-407,6.321822854
57,10,0.72,32.1,263,0.5,-475,16.08770871
234,44,0.94,87.8,196,-4.7,-276,19.95146415
231,93,0.89,80.5,173,-0.1,-19,3.080343258
63,24,1.39,19.6,163,-8.6,-167,9.059197407
202,29,0.26,315.4,166,2.4,-52,17.39192248
179,20,0.97,81.2,21,13.7,114,19.07875768
135,60,0.43,77.6,295,-3.3,-422,9.787335243
154,68,0.93,45.7,69,8.2,-320,19.0361316
194,73,0.84,72.4,184,15.1,-310,8.35960614
122,48,0.49,75.1,198,16.6,35,0.785787583
209,96,1.21,53.1,292,2.9,118,21.83808031
128,48,0.31,109.9,270,-8,-174,12.03464419
226,61,0.75,105.6,89,15.1,-75,12.60417352
131,19,0.34,162.5,185,5.1,17,2.669924445
45,14,0.08,193.9,109,17.3,69,19.75376209
59,29,0.49,29.9,217,-7,144,8.587864665
80,25,0.35,81.9,72,5.5,-35,15.30722571
52,13,0.53,35.6,112,19.4,-167,16.22889191
67,17,0.5,44.3,293,-4.5,-454,13.95140787
158,61,1.48,52.0,241,7,-104,19.77654889
177,28,1.35,71.3,201,-7.3,-490,10.74452749
99,21,0.88,42.8,171,-1.6,-246,4.305030712
218,59,0.85,92.3,92,15,-221,17.27069924
149,29,1.11,54.8,210,0.9,-45,20.01995029
232,88,0.79,90.6,122,18.4,90,17.47511346
200,88,0.86,64.6,88,-5,-445,0.700016551
222,85,0.29,216.0,64,-0.3,-191,15.70309229
178,38,1.24,71.9,184,12.3,-225,19.24112354
233,52,0.34,250.1,293,17.1,-291,20.11826777
170,76,0.72,63.8,135,-4.6,148,17.32247638
160,45,0.38,161.5,135,7.9,-288,8.801676617
159,25,0.55,115.2,5,-9.2,-371,1.210827567
221,30,1.25,95.1,244,2.7,-69,18.33314494
173,43,0.26,269.8,40,19.2,-324,8.048129798
63,13,0.67,37.3,42,16.3,-430,12.69343933
130,42,0.28,156.8,158,-5.9,-79,13.36260233
130,16,0.82,68.7,97,16,-144,14.66018347
83,35,0.57,42.3,59,-2.6,73,6.389454463
95,14,1.5,39.4,166,16.1,-30,14.26971551
239,30,0.46,239.8,236,4.7,114,18.9447312
199,12,0.19,524.4,12,19.4,-346,5.227158793
133,36,0.97,53.8,211,-7.8,-163,0.486491516
228,35,0.6,150.3,127,19.5,-367,11.23733176
201,13,0.9,107.2,231,-2.5,115,3.886403872
98,24,0.7,52.0,238,1.5,-296,18.03478517
81,15,0.1,333.2,234,1.3,-324,9.495541682
70,17,1.26,27.0,300,-3.7,-246,17.97478816
180,16,0.9,85.5,5,-5.4,-305,3.270880748
63,24,0.06,295.4,257,17.7,-172,19.3931064
185,87,1.42,49.8,253,-1.4,-7,21.02806207
121,12,0.98,55.0,195,2.1,72,12.03335309
81,18,0.7,43.8,96,17,87,1.29032946
227,102,0.58,107.9,243,11,-209,3.434157516
136,53,0.77,45.7,139,-9,-389,16.51327291
163,80,0.67,56.2,287,1.5,32,18.73271373
223,12,1.39,100.7,64,19.8,-95,9.490926132
219,84,0.95,73.8,106,11.3,-322,20.37681681
94,12,1.5,37.1,46,19.7,-294,0.517382619
120,35,0.61,71.3,196,9.9,122,10.97142347
61,18,1.18,22.3,238,0,-177,0.479849095
179,73,1.15,50.1,213,15,31,11.08351198
219,65,0.63,125.9,8,-6.4,-139,16.59824256
159,71,0.89,49.7,26,-6,34,3.927055048
197,62,1.44,61.3,242,18.9,-296,14.36892432
186,49,1.29,69.2,179,10.9,124,2.069898302
68,34,1.06,16.7,118,-6.4,130,4.578300669
239,89,1.18,75.5,167,-5.4,-356,15.59550433
182,33,0.87,86.2,44,5.7,-401,19.1043514
46,23,0.1,110.5,247,14.3,59,13.91676478
193,90,0.29,169.8,185,-8.5,130,14.84592977
154,48,0.66,73.2,101,-7.1,-203,1.442687783
55,17,1.13,17.5,140,14.8,-224,20.96776496
210,67,1.24,67.0,270,5.9,-472,8.693652315
49,20,1.3,13.5,158,10.1,-28,17.98138314
157,21,0.94,74.2,110,-3.5,-124,6.956669551
55,11,1.3,20.4,57,9.2,-316,9.45893476
137,39,1.31,48.8,201,1.9,-234,15.2340843
194,36,0.56,142.2,277,10.1,-61,4.446291798
90,27,0.3,105.2,108,16.7,66,2.876617227
195,38,0.33,209.7,41,-6.2,-226,0.836880606
60,27,0.27,58.7,155,-8.3,-461,14.04524101
89,32,0.75,36.8,197,12.1,-130,15.17999425
159,15,0.33,226.8,232,-0.5,114,16.32807585
183,19,0.68,122.8,20,6.3,-46,13.97856276
56,11,0.09,235.4,82,17.8,-154,11.72315392
77,16,0.07,480.7,19,4.1,-70,1.629750292
136,49,1.3,40.1,181,2.4,-47,5.528476754
214,13,1.11,102.9,181,-9,-147,8.748697871
107,29,0.11,356.2,0,-2.5,-192,6.151021929
197,89,0.32,162.2,65,-3.1,-61,6.932687128
226,100,0.88,72.0,186,5.4,-5,9.032464915
133,48,0.11,407.9,261,7.2,-134,0.832455187
234,99,0.55,122.6,43,4.2,125,19.95684389
208,25,1.27,96.4,184,-5.6,-446,12.34129885
124,53,0.75,47.6,149,14.7,-72,5.631628104
237,52,1.14,98.6,292,14.4,-347,3.78861148
239,112,0.43,151.7,53,-8.9,-484,0.830166289
214,98,0.27,217.7,236,1.7,-308,20.60254654
197,65,1.43,60.6,48,-9,-242,18.32947478
185,72,0.45,121.1,40,3.8,-14,13.00760065
84,28,1.03,27.1,144,-3,38,20.02344413
188,53,1.01,64.8,144,9.4,-303,20.46216879
165,81,1.13,41.5,235,-6.2,-54,14.69318531
85,42,1.05,21.2,244,19.7,108,11.78528447
95,14,0.06,642.4,178,2.4,-245,10.6032904
96,35,0.85,31.8,176,-5.7,89,17.38469505
96,19,1.04,41.9,215,0.1,-499,6.916927282
111,28,0.65,72.2,180,6.1,-388,0.456535496
239,65,1.17,90.6,62,-1.7,-406,2.483525553
160,19,0.64,113.0,167,-8.5,-276,4.536592048
54,17,1.21,19.0,72,6,-38,8.170507207
229,60,0.25,328.3,294,5.8,-373,20.42468412
45,21,0.25,46.8,254,6.2,-161,10.86078094
211,35,0.58,149.1,246,-0.6,111,16.73537009
206,57,0.45,151.0,257,-5.1,-267,2.397103045
118,40,0.59,61.2,140,17.8,-385,13.84025997
75,14,1.2,31.8,151,15.1,79,19.97865792
213,66,1.26,70.1,62,7.8,-274,10.2951703
87,38,1.12,24.3,149,14,-468,17.56362944
117,41,1.48,38.4,166,5.8,-373,13.78616925
119,55,1.02,30.3,194,-0.2,-389,0.57314052
68,11,0.55,54.2,13,19.3,127,2.231243585
100,38,1.44,30.7,78,0.7,138,14.18141542
223,63,0.17,458.5,191,-8.3,34,13.96282445
86,30,0.36,73.8,252,10.8,-363,20.49086576
229,77,0.71,94.2,240,-2,-374,19.33729247
108,33,0.39,98.4,176,14.1,-262,4.990304461
91,45,1.49,24.5,153,2.7,-197,3.771713919
123,15,1.23,48.3,46,-8.3,21,2.892544178
142,61,0.83,48.1,16,14.8,0,9.39533606
143,20,0.93,66.3,278,1.6,-42,14.10415303
193,74,0.24,271.2,12,18,-480,20.41760285
195,80,1.34,58.9,75,11.8,-349,6.454695898
213,50,1.19,88.4,184,8,-39,1.18770823
214,58,1.21,87.0,54,-9.5,-166,5.051855489
221,15,1.2,101.2,24,-6.5,97,5.558231397
166,26,0.6,125.0,43,-7.1,-196,4.136326117
196,67,0.08,787.2,97,8,-499,11.36239938
78,36,1.12,22.4,227,6.6,-152,1.149473344
136,35,0.12,425.9,55,-1.3,83,21.13459795
57,23,0.12,129.2,222,15.6,29,4.341388193
87,42,0.92,26.0,182,12.4,-451,8.909077992
128,19,0.66,83.3,131,13.5,-493,5.874335508
126,25,0.39,132.5,185,-3.5,-256,12.99901843
150,45,1.05,49.6,139,3.6,76,14.69200519
76,20,0.86,31.4,113,-8.6,-401,16.05094279
57,28,1.33,14.6,1,-0.9,-39,2.204111044
230,100,1.29,62.9,249,1.9,-177,12.8101791
94,15,0.53,78.4,291,11.8,-28,20.81054241
219,10,0.58,172.9,290,11.9,-118,11.93327288
117,19,1.44,49.7,24,2.7,46,9.401744278
96,27,1.42,37.9,284,13.2,-396,14.20011281
62,17,0.35,66.3,20,20,88,5.864242479
178,70,1.3,52.7,107,-8.6,-387,18.91278439
106,13,0.91,49.4,21,-4.8,36,8.170209985
83,38,1.14,20.9,239,6.3,-187,3.81957488
100,27,1.09,36.9,111,1.6,63,17.75708062
184,16,0.41,190.4,63,-8.3,89,6.063176531
76,19,1.17,31.0,142,8.7,25,13.05508458
226,45,0.96,92.8,177,2.1,1,3.202666197
148,32,0.89,71.4,79,-6.1,-151,3.737399467
210,68,0.92,80.8,64,11.6,87,0.24778941
235,75,0.6,114.5,257,2.6,132,1.346114784
69,34,0.32,54.2,258,-8.2,-26,11.42899047
59,14,0.59,36.8,283,18.7,86,16.07729672
143,20,0.1,572.7,231,6.3,-194,6.125555117
61,23,0.99,18.3,141,-7.3,-428,18.00608985
190,87,1.2,49.4,167,4.7,-68,2.294258057
70,34,1.23,18.0,187,2.2,-226,16.37776238
63,13,0.52,45.7,212,-5.1,-214,6.010572593
187,83,1.16,58.2,268,0.3,-129,21.54040389
69,10,0.52,61.8,88,-0.2,-303,16.75837973
68,33,1.1,17.9,283,-0.2,-1,6.761192632
192,47,1.47,71.9,86,19.6,12,2.838851905
138,40,1.43,50.5,226,12.5,65,2.233339227
177,23,0.79,98.5,28,-4.9,62,8.491671594
134,55,0.69,50.4,265,6.6,1,15.85112685
174,45,1.27,67.0,198,7.6,-221,20.95796701
165,18,0.35,198.3,93,14,-64,12.75310982
153,51,1.27,52.1,202,-3.8,-125,21.91532289
131,65,0.78,40.8,13,7.6,-310,11.42522027
185,81,0.94,54.0,253,17.5,-261,19.50967596
174,34,0.76,95.3,224,3.1,-440,19.07865014
131,31,0.68,75.5,143,18.7,51,5.118723359
110,51,0.1,308.8,149,-3.8,-372,18.91587157
87,17,0.46,74.5,53,15,-498,9.660509329
117,49,0.85,41.5,162,-8.2,-192,13.63698408
104,19,1.37,40.6,92,-5.8,-203,8.05653669
235,114,0.06,983.8,138,-9.2,-324,12.04669085
67,16,1.32,25.3,124,-6.9,-368,2.529680344
185,21,0.99,84.1,175,-9.1,-82,5.428026174
153,48,1.14,53.1,35,-5.8,-311,11.84580692
83,10,0.31,120.3,86,1.5,-333,19.16090403
61,28,1.33,15.8,46,-5.4,-48,19.60813679
102,10,0.19,247.8,294,5.6,-215,0.996869691
232,24,0.65,152.7,248,9.3,-386,1.525009287
200,87,0.25,221.2,253,18.4,-224,16.86161416
137,38,0.56,87.6,201,-7.6,92,19.77678305
154,60,0.16,298.7,19,14.6,-228,2.575015179
102,41,1.27,29.5,97,3.6,-372,17.88107681
117,13,1.45,49.2,153,9.5,-362,0.090508864
62,12,0.46,56.3,0,15.4,-445,7.766862468
226,69,0.9,86.8,245,3.1,-261,14.83130634
235,74,1.09,82.4,121,9.6,-92,20.19783382
157,45,1.25,57.5,138,13.4,90,18.34208134
82,17,1.39,31.7,209,5.5,-369,8.518998992
173,35,0.3,230.7,163,-0.4,-51,7.998681826
108,10,0.19,257.4,190,19.6,-56,1.159481051
217,15,0.75,128.7,274,3.9,-428,15.77183709
144,29,1.06,55.8,233,-6.1,-368,7.379487497
237,38,0.45,236.6,195,13.6,-311,3.245895466
190,77,0.28,209.4,146,4.4,-495,13.35173967
171,27,0.12,605.8,121,16.1,4,16.37971399
49,20,1.19,14.4,133,12.3,-130,14.56331067
186,85,0.78,61.3,53,-2.7,-25,20.37003302
151,23,0.38,182.5,195,14.4,39,10.4322681
91,10,0.26,145.2,85,11.2,41,9.766434301
47,17,1.02,15.6,115,17.7,88,12.21382722
159,11,1.1,71.1,289,2.2,-124,16.93839693
239,90,0.32,239.4,252,19.7,-59,4.469696995
108,27,0.65,63.3,87,18.2,148,17.77301902
197,48,0.48,154.3,285,16.3,-143,17.18185164
137,51,0.81,52.8,115,-3,-218,11.3417439
83,40,0.59,35.5,34,6.3,-280,14.27183797
77,19,1.02,29.2,284,-3.6,-38,1.370587332
158,61,0.21,228.5,248,17.7,-141,13.33754311
96,31,0.49,73.2,95,-4.8,-389,10.99707783
87,39,1.24,25.6,162,-1.4,-259,0.837284078
110,32,0.48,90.8,132,16.9,-267,16.43288569
78,25,0.36,70.0,28,0.5,-335,4.791627076
122,26,1.48,48.4,6,5.7,-233,21.309183
77,15,1.32,35.0,100,-2.4,-163,7.165317402
114,11,1.3,49.8,263,17.9,-394,12.42101899
61,21,0.47,43.9,126,10,-1,1.749697526
194,32,0.66,116.9,203,4.1,-26,19.24070068
55,11,1.17,22.7,165,10.9,-130,11.45663199
97,28,0.23,152.7,212,-4.7,12,21.58946647
187,12,0.59,137.5,137,-3.2,67,16.4976583
58,24,0.88,18.8,65,8.9,33,17.30920031
154,44,1.25,54.9,102,3.9,-252,10.94326874
105,26,0.89,42.7,119,14.8,-64,6.419516256
92,44,0.28,92.5,246,5.5,-471,19.55192509
181,12,1.48,81.2,134,-3.8,31,4.415333308
105,12,0.6,80.0,220,-6.1,-52,8.526847788
88,36,0.24,115.1,48,2.7,-384,17.33809706
225,12,0.5,199.8,28,12.6,86,18.82205943
78,14,0.39,79.7,33,12.7,-74,14.66643487
136,29,1.33,53.8,149,0.2,-70,15.49942095
94,27,0.93,35.9,38,14.6,17,4.189738766
231,75,0.58,129.6,276,8.9,-86,7.869985512
59,13,0.91,24.5,57,15.3,-351,10.28622457
146,19,1.41,59.1,145,-1.9,-9,1.056559439
165,80,0.65,69.2,81,-6.4,-288,11.64761409
229,80,0.56,143.1,103,7.2,-164,19.746862
147,22,0.58,113.8,298,9.6,-475,1.546954793
142,11,0.26,249.0,283,2.5,-405,3.091910273
205,20,1.45,92.9,31,6.5,-310,13.91347782
200,63,0.54,134.8,235,12.1,-344,4.942035277
188,17,0.16,554.7,60,11.8,92,10.39746275
190,36,0.41,179.6,102,2.2,-406,10.9038271
214,24,1.17,99.0,183,7.4,-285,17.55039152
167,68,0.67,78.7,215,-0.2,-21,13.76301054
192,28,0.39,218.9,234,12.8,-54,0.961403607
215,54,0.92,85.3,130,7.6,-499,8.953877611
128,29,1.31,53.0,179,1.4,-28,14.55746013
115,51,0.54,53.6,278,-1.8,-69,18.34619374
100,22,1.43,42.5,94,12.6,-210,6.241934096
133,42,1.02,42.5,67,5.4,13,5.180440357
64,15,1.15,25.0,174,4.4,-13,0.614826983
183,80,0.1,558.8,291,-4,-4,6.721636681
167,54,0.47,126.8,77,5.7,-309,4.242385827
69,26,0.43,51.9,74,-7,-425,14.72055819
161,21,1.44,66.8,297,7.6,-492,19.40006298
90,37,0.73,38.3,125,16.2,-62,0.779211937
50,14,0.05,362.6,246,-5.5,-252,17.09889394
145,36,1.5,59.9,18,7.3,31,1.068159457
175,49,0.38,181.5,272,-0.4,-205,7.217792045
119,46,1.01,37.1,135,2.9,-358,21.60587812
122,23,1.19,49.4,211,-3.3,-98,14.50754409
79,23,1.38,28.9,133,6.9,-268,21.28685689
182,57,0.71,92.0,3,5.2,-486,1.859131664
119,42,1.11,36.6,159,-2.5,-88,7.190037914
222,66,0.8,95.1,63,4.9,-205,14.17068885
70,15,0.64,45.5,96,9.3,-430,9.763943019
125,23,0.91,55.5,158,-7.6,61,10.06774447
134,64,0.81,44.0,38,-6.7,-168,9.159832608
198,55,0.35,209.2,162,19.2,-76,19.32988714
110,40,0.9,37.4,205,8.5,-121,1.351383123
52,23,1.03,13.7,175,8,-420,17.91170995
228,35,0.98,102.6,93,5.4,138,1.592573717
158,71,0.99,41.6,151,-3.1,-321,13.30022257
198,52,0.19,372.2,203,-0.2,-343,3.203199258
172,68,0.83,59.7,216,3.4,81,4.999591969
188,35,1.18,72.4,90,3.4,-278,11.74407064
124,16,0.18,295.7,135,11.8,-94,4.040182348
145,37,0.29,171.2,299,-7.4,-66,21.69982041
128,22,0.66,82.9,244,-6,-31,21.00115681
234,86,0.24,291.0,11,16.5,-162,7.915398446
226,85,1.42,74.7,126,-2.5,-407,16.41384156
205,70,0.99,66.5,125,-1.4,-97,13.25491752
229,48,1,83.2,125,-0.7,-333,4.185600166
188,44,0.73,95.4,38,19.6,-323,6.841079586
58,12,0.24,87.1,225,-9.4,-270,17.187883
126,62,1.36,32.0,125,0,-465,4.614495699
45,21,0.28,42.7,130,13.5,65,7.463712661
73,17,0.81,33.9,190,-8.7,-444,12.0343421
151,28,1.09,59.6,175,16.5,-134,20.57316797
129,17,1.09,54.3,126,11.7,-248,5.551932383
196,19,0.13,752.2,129,-1.9,-193,5.213790635
191,75,1.41,60.5,284,5,-41,11.84296085
72,10,1.1,31.1,239,-3,-17,21.99863654
58,22,0.31,65.8,10,8.9,-353,1.777835305
62,19,1.08,21.4,268,2.4,28,16.75234731
210,53,0.51,157.7,37,2.5,-182,9.342908172
191,89,0.97,55.8,26,-5,130,21.72830317
196,92,0.08,634.8,91,9.4,53,3.46531672
167,26,0.36,188.2,7,1.6,-410,17.49072085
95,30,0.26,120.4,185,4.3,53,8.532036867
88,22,0.12,243.0,213,17,25,4.59185459
139,36,0.99,50.0,218,6.3,141,6.377706394
176,35,0.31,224.5,55,-9.2,9,7.876272029
130,59,1.12,34.1,55,8.6,-462,1.545980528
62,10,0.63,39.7,287,7.1,-407,5.951102881
209,21,1.5,99.0,186,10.6,-100,9.284818933
167,57,0.34,158.9,49,-6.9,75,21.99255775
61,16,1.28,21.9,117,19.7,-51,8.251938372
113,27,0.91,46.3,260,1.3,54,21.45891976
66,32,0.22,77.8,82,-4.7,-278,11.53328737
179,36,0.95,69.5,231,-9.2,112,10.22347993
142,43,0.35,138.9,91,15.8,-118,9.495419013
69,27,1.05,19.4,106,16.2,-448,13.09554255
50,19,1,15.0,233,5.5,-223,4.533043974
201,89,1.42,52.0,290,6.5,-382,1.340732127
61,13,0.74,30.9,23,-3.2,-178,14.89291541
217,71,1.34,69.7,95,8,-232,7.944419093
47,22,0.27,44.2,210,-5,-197,16.25891126
124,17,1.18,57.9,241,15.6,-257,14.11099723
216,74,1.19,75.7,224,5.8,-493,2.892322098
103,49,1.36,26.5,248,-8,-321,7.402293485
115,38,0.32,113.8,104,18.5,-383,12.65621232
129,61,0.46,77.7,122,14.1,-172,8.689516063
159,79,1.34,39.8,209,5.3,-456,11.0362945
58,22,1.4,16.1,194,0.6,-121,3.439821156
168,82,1.44,40.4,294,5.5,-145,16.86409615
60,13,1.38,23.7,2,5.7,-66,17.5412982
65,32,1.11,15.4,121,13,-136,11.05765583
226,71,0.85,86.7,149,-6.8,146,8.08888969
182,30,0.29,242.1,148,15.7,-399,16.72111582
118,54,0.18,160.3,204,-3.9,88,4.826971265
140,54,0.85,50.2,253,4,-233,18.91214787
188,22,0.84,104.1,42,1.4,-179,13.14810233
47,17,1.33,15.2,125,5.7,-87,11.78190622
103,15,0.72,61.2,276,-0.7,-271,19.56648067
85,17,1.03,33.1,134,-8.7,-400,11.0808894
124,10,0.09,711.4,187,13.2,-123,10.36077026
202,68,0.49,146.7,49,-9,-201,16.11562714
135,51,0.7,60.9,92,2.8,-355,12.71889011
106,27,0.31,129.8,143,8.8,-120,18.96039217
182,46,0.2,341.1,73,8.6,-220,3.638149758
100,50,1.41,26.2,266,1.5,-165,0.330062062
212,46,1.48,88.0,183,9,-396,18.04166745
196,46,0.55,130.3,52,8.2,63,16.51866341
236,49,0.57,167.0,137,-1.7,-106,16.23582358
164,35,1.07,61.7,157,4.6,125,20.66842529
220,11,0.12,914.1,283,3.7,-441,6.104779801
59,15,1.34,22.4,182,-1.8,-471,21.93640708
132,35,0.95,52.6,202,5.7,111,0.02750255
107,48,0.62,48.9,60,-7.5,-424,8.765241857
130,54,0.59,61.0,7,5.3,26,20.70021579
208,59,1.31,76.1,192,18.9,-408,19.67845964
221,26,0.22,446.1,227,-1,-30,12.68782785
80,16,0.83,40.1,146,15.3,146,21.30136482
204,47,0.32,240.8,199,-9.1,-255,4.184270659
99,36,0.12,255.9,145,14.3,-397,17.61788681
212,91,0.92,68.0,293,11.1,-96,5.346326633
59,19,1.35,21.2,52,5.8,-86,17.70159597
45,17,0.53,26.7,161,-5.5,-364,8.377957576
122,36,0.68,56.5,32,2.7,4,14.55282316
130,57,1.22,37.3,148,2.3,-300,3.242302153
126,62,0.58,59.0,152,17,-22,10.89242278
130,21,0.09,595.4,43,3,-10,18.67600681
58,21,0.12,148.1,42,16.8,65,4.634952155
113,28,0.12,355.2,120,1.5,-399,6.871034968
56,12,0.16,128.0,153,-7.3,-303,14.94321043
120,28,0.89,50.5,172,8.6,117,1.998003872
190,73,1.41,52.7,104,6.9,-360,12.13025156
151,74,1.45,36.8,161,6.5,-321,19.57610309
180,42,0.93,73.3,295,-6.1,-57,11.51759428
100,19,0.92,41.0,105,15.7,-123,2.754493389
81,35,0.6,39.2,61,4.8,106,0.677941609
89,35,1.01,28.0,86,-8.6,142,1.48702856
