x,y
0.0,0.0
0.591958937759038,0.591958937759038
1.1308716083766568,1.1308716083766568
1.5684452947943055,1.5684452947943055
1.8654684078574424,1.8654684078574424
1.9953242915825127,1.9953242915825127
1.946376378872409,1.946376378872409
1.723010960545655,1.723010960545655
1.3452441236902684,1.3452441236902684
0.8469280821453737,0.8469280821453737
0.2727176323411332,0.2727176323411332
-0.3259314253741713,-0.3259314253741713
-0.8953733128664305,-0.8953733128664305
-1.3845795473159033,-1.3845795473159033
-1.74971167482899,-1.74971167482899
-1.9580496955163436,-1.9580496955163436
-1.9909241483796492,-1.9909241483796492
-1.8453891077854223,-1.8453891077854223
-1.5344861719752985,-1.5344861719752985
-1.0860757872337266,-1.0860757872337266
-0.5403406343865688,-0.5403406343865688
0.053815197346767436,0.053815197346767436
0.6431485740876481,0.6431485740876481
1.1748485088843452,1.1748485088843452
1.6012686280085155,1.6012686280085155
1.884196829047837,1.884196829047837
1.99827952077014,1.99827952077014
1.9332935938424984,1.9332935938424984
1.6950625279361304,1.6950625279361304
1.3049345415800044,1.3049345415800044
0.7978695484835614,0.7978695484835614
0.2193063508442739,0.2193063508442739
-0.37890919517704363,-0.37890919517704363
-0.9431701590346175,-0.9431701590346175
-1.422912327711279,-1.422912327711279
-1.7751453354648319,-1.7751453354648319
-1.9683050905424655,-1.9683050905424655
-1.9850822775250943,-1.9850822775250943
-1.8239734692562144,-1.8239734692562144
-1.4994158510490823,-1.4994158510490823
-1.0404934843478522,-1.0404934843478522
-0.4883310433628023,-0.4883310433628023
0.107591424420278,0.107591424420278
0.6938724743990627,0.6938724743990627
1.2179746428858433,1.2179746428858433
1.6329324026023402,1.6329324026023402
1.901560809171062,1.901560809171062
1.9997876959134193,1.9997876959134193
1.9188108143249265,1.9188108143249265
1.665886615856904,1.665886615856904
1.2636799911675676,1.2636799911675676
0.7482332376164115,0.7482332376164115
0.16573625866119643,0.16573625866119643
-0.43161257789961804,-0.43161257789961804
-0.990284008565466,-0.990284008565466
-1.460214706194827,-1.460214706194827
-1.7992935246687283,-1.7992935246687283
-1.9771351375068302,-1.9771351375068302
-1.9778029094094218,-1.9778029094094218
-1.8012370004037026,-1.8012370004037026
-1.4632597281873183,-1.4632597281873183
-0.9941577081420546,-0.9941577081420546
-0.435967827431247,-0.435967827431247
0.16128973916759684,0.16128973916759684
0.7440939069826608,0.7440939069826608
1.2602187805927407,1.2602187805927407
1.6634136892545288,1.6634136892545288
1.9175477741015259,1.9175477741015259
1.9998477248673738,1.9998477248673738
1.9029385280239717,1.9029385280239717
1.6355043520436738,1.6355043520436738
1.2215103469341895,1.2215103469341895
0.6980550936766836,0.6980550936766836
0.11204614857227,0.11204614857227
-0.4840034083891628,-0.4840034083891628
-1.0366807439665109,-1.0366807439665109
-1.496459670250487,-1.496459670250487
-1.8221387555303215,-1.8221387555303215
-1.9845334421312393,-1.9845334421312393
-1.9690913153867942,-1.9690913153867942
-1.7771961658410027,-1.7771961658410027
-1.426043985845098,-1.426043985845098
-0.9471020126670417,-0.9471020126670417
-0.3832889054128538,-0.3832889054128538
0.21487125595599732,0.21487125595599732
0.7937765039898128,0.7937765039898128
1.3015503309142042,1.3015503309142042
1.6926904149424258,1.6926904149424258
1.9321461468791392,1.9321461468791392
1.998459564162039,1.998459564162039
1.8856882288551966,1.8856882288551966
1.6039377378117106,1.6039377378117106
1.1784561460262437,1.1784561460262437
0.6473714531655388,0.6473714531655388
0.058274900268814545,0.058274900268814545
-0.5360437478276233,-0.5360437478276233
-1.082326767043454,-1.082326767043454
-1.531620973088819,-1.531620973088819
-1.8436644846764907,-1.8436644846764907
-1.990494646933661,-1.990494646933661
-1.958953803957714,-1.958953803957714
-1.751868374737614,-1.751868374737614
-1.3877955738009233,-1.3877955738009233
-0.8993604733030259,-0.8993604733030259
-0.33033242474715796,-0.33033242474715796
0.2682971737319907,0.2682971737319907
0.8428842877696524,0.8428842877696524
1.3419393636095323,1.3419393636095323
1.7207413789261568,1.7207413789261568
1.945345356092772,1.945345356092772
1.9956242190339404,1.9956242190339404
1.8670724086221377,1.8670724086221377
1.5712096321235933,1.5712096321235933
1.1345485661417987,1.1345485661417987
0.5962190186394548,0.5962190186394548
0.004461452198388835,0.004461452198388835
-0.5876959112050313,-0.5876959112050313
-1.127189023230285,-1.127189023230285
-1.5656731526536152,-1.5656731526536152
-1.8638551242512376,-1.8638551242512376
-1.9950144351078485,-1.9950144351078485
-1.9473977162007285,-1.9473977162007285
-1.7252719682125652,-1.7252719682125652
-1.3485421896410243,-1.3485421896410243
-0.8509676620840569,-0.8509676620840569
-0.2771367338677552,-0.2771367338677552
0.3215288041191074,0.3215288041191074
0.8913816969222967,0.8913816969222967
1.3813566309621257,1.3813566309621257
1.7475462681011522,1.7475462681011522
1.9571358435355357,1.9571358435355357
1.9913437426981522,1.9913437426981522
1.847104547970348,1.847104547970348
1.5373437350358992,1.5373437350358992
1.0898194029532762,1.0898194029532762
0.5446348321320998,0.5446348321320998
-0.04935522663248867,-0.04935522663248867
-0.6389224946091154,-0.6389224946091154
-1.171235025525778,-1.171235025525778
-1.598591550060247,-1.598591550060247
-1.8826960532036225,-1.8826960532036225
-1.998089533649355,-1.998089533649355
-1.9344314204563748,-1.9344314204563748
-1.6974262060527088,-1.6974262060527088
-1.3083122587021534,-1.3083122587021534
-0.8019586226626432,-0.8019586226626432
-0.22374035443231594,-0.22374035443231594
0.3745275994340839,0.3745275994340839
0.9392336120506092,0.9392336120506092
1.419773588959224,1.419773588959224
1.7730856717078591,1.7730856717078591
1.967509071126367,1.967509071126367
1.985621234861462,1.985621234861462
1.8257991066254262,1.8257991066254262
1.5023645705368072,1.5023645705368072
1.0443010470826188,1.0443010470826188
0.49265624833030336,0.49265624833030336
-0.10313616487774444,-0.10313616487774444
-0.6896864023113077,-0.6896864023113077
-1.2144328780189269,-1.2144328780189269
-1.6303523274523957,-1.6303523274523957
-1.9001736278756134,-1.9001736278756134
-1.9997177157256802,-1.9997177157256802
-1.9200643062672589,-1.9200643062672589
-1.6683512527657247,-1.6683512527657247
-1.2671349134873784,-1.2671349134873784
-0.7523688449329815,-0.7523688449329815
-0.17018195342712128,-0.17018195342712128
0.42725518060116574,0.42725518060116574
0.9864053811919469,0.9864053811919469
1.4571624179620513,1.4571624179620513
1.7973410953880584,1.7973410953880584
1.9764575270928724,1.9764575270928724
1.978460839477717,1.978460839477717
1.803171512921964,1.803171512921964
1.4662974687870536,1.4662974687870536
0.9980264606456212,0.9980264606456212
0.44032090752368863,0.44032090752368863
-0.15684241707284874,-0.15684241707284874
-0.7399508736296523,-0.7399508736296523
-1.2567512989863758,-1.2567512989863758
-1.6609324852642353,-1.6609324852642353
-1.9162751918821288,-1.9162751918821288
-1.9998978022888314,-1.9998978022888314
-1.9043067775786133,-1.9043067775786133
-1.638068162978009,-1.638068162978009
-1.225039972569781,-1.225039972569781
-0.70223423933085,-0.70223423933085
-0.11650031516636651,-0.11650031516636651
0.4796733649443142,0.4796733649443142
1.0328628449113535,1.0328628449113535
1.4934960428514064,1.4934960428514064
1.820294974577555,1.820294974577555
1.9839747314109801,1.9839747314109801
1.9698677417469819,1.9698677417469819
1.7792381526311423,1.7792381526311423
1.4291685477770957,1.4291685477770957
0.9510291533824167,0.9510291533824167
0.38766670834745126,0.38766670834745126
-0.21043509183717243,-0.21043509183717243
-0.7896795095489941,-0.7896795095489941
-1.2981596435450764,-1.2981596435450764
-1.6903098788755668,-1.6903098788755668
-1.9309890852761624,-1.9309890852761624
-1.99862966292913,-1.99862966292913
-1.8871702452042811,-1.8871702452042811
-1.6065988661879609,-1.6065988661879609
-1.182057918999339,-1.182057918999339
-0.6515911108291235,-0.6515911108291235
-0.06273431320650105,-0.06273431320650105
0.5317441938371895,0.5317441938371895
1.0785723610381182,1.0785723610381182
1.5287481526341096,1.5287481526341096
1.8419306872255274,1.8419306872255274
1.9900552404974488,1.9900552404974488
1.9598481643606716,1.9598481643606716
1.7540163570949765,1.7540163570949765
1.3910046944137708,1.3910046944137708
0.9033431583913861,0.9033431583913861
0.33473178033807793,0.33473178033807793
-0.26387538003717886,-0.26387538003717886
-0.8388362990794027,-0.8388362990794027
-1.3386279258437692,-1.3386279258437692
-1.7184632346478452,-1.7184632346478452
-1.9443046529923333,-1.9443046529923333
-1.995914215969648,-1.995914215969648
-1.8686671185635753,-1.8686671185635753
-1.5739661508857388,-1.5739661508857388
-1.138219878228615,-1.138219878228615
-0.6004761326475304,-0.6004761326475304
-0.008922882195944084,-0.008922882195944084
0.5834299601909025,0.5834299601909025
1.1235008290277413,1.1235008290277413
1.5628932194961078,1.5628932194961078
1.8622325658314491,1.8622325658314491
1.9946946511518373,1.9946946511518373
1.9484093629954047,1.9484093629954047
1.7275243906757924,1.7275243906757924
1.3518335450501329,1.3518335450501329
0.8550030074841556,0.8550030074841556
0.28155445632177395,0.28155445632177395
-0.3171245828900706,-0.3171245828900706
-0.8873856453334641,-0.8873856453334641
-1.3781268407772898,-1.3781268407772898
-1.7453721653294894,-1.7453721653294894
-1.956212252562747,-1.956212252562747
-1.9917534278012072,-1.9917534278012072
-1.8488107966949938,-1.8488107966949938
-1.5401936480509848,-1.5401936480509848
-1.0935575955733192,-1.0935575955733192
-0.5489263196956737,-0.5489263196956737
0.04489501031945395,0.04489501031945395
0.6346932357595343,0.6346932357595343
1.1676157139317511,1.1676157139317511
1.5959065172884481,1.5959065172884481
1.8811859087906235,1.8811859087906235
1.9978896037450875,1.9978896037450875
1.9355596210587735,1.9355596210587735
1.699781437530164,1.699781437530164
1.3116834654726408,1.3116834654726408
0.8060437061792447,0.8060437061792447
0.22817324465590266,0.22817324465590266
-0.3701441399874414,-0.3701441399874414
-0.9352923913038423,-0.9352923913038423
-1.4166277852077627,-1.4166277852077627
-1.7710171848192766,-1.7710171848192766
-1.9667032610996047,-1.9667032610996047
-1.9861503114584091,-1.9861503114584091
-1.8276156585533319,-1.8276156585533319
-1.5053058140404056,-1.5053058140404056
-1.048103413223811,-1.048103413223811
-0.4969790017688355,-0.4969790017688355
0.09868039211468731,0.09868039211468731
0.6854968982439474,0.6854968982439474
1.210885069957757,1.210885069957757
1.627764139432675,1.627764139432675
1.8987769910404368,1.8987769910404368
1.9996377846523887,1.9996377846523887
1.9213082436909614,1.9213082436909614
1.6708075877166024,1.6708075877166024
1.270583530359959,1.270583530359959
0.7565007083530152,0.7565007083530152
0.17462680134294903,0.17462680134294903
-0.42289565721894884,-0.42289565721894884
-0.9825218453220852,-0.9825218453220852
-1.45410287867762,-1.45410287867762
-1.7953797222772767,-1.7953797222772767
-1.9757700815394337,-1.9757700815394337
-1.9791089244377607,-1.9791089244377607
-1.805097052597104,-1.805097052597104
-1.4693279128777852,-1.4693279128777852
-1.0018902468246798,-1.0018902468246798
-0.4446717965154019,-0.4446717965154019
0.15239431450748647,0.15239431450748647
0.7358041581736953,0.7358041581736953
1.2532775636031672,1.2532775636031672
1.6584430162328723,1.6584430162328723
1.9149930739992804,1.9149930739992804
1.9999379279285994,1.9999379279285994
1.90566555102637,1.90566555102637
1.6406238226474568,1.6406238226474568
1.2285635022286907,1.2285635022286907
0.7064098905655397,0.7064098905655397
0.12095390203800241,0.12095390203800241
-0.4753409345751982,-0.4753409345751982
-1.0290398061807846,-1.0290398061807846
-1.4905249835992893,-1.4905249835992893
-1.8184421355728246,-1.8184421355728246
-1.9834061481445426,-1.9834061481445426
-1.9706343657594168,-1.9706343657594168
-1.7812712856740407,-1.7812712856740407
-1.4322859979589988,-1.4322859979589988
-0.9549515616386921,-0.9549515616386921
-0.3920425821962636,-0.3920425821962636
0.20599788056279222,0.20599788056279222
0.785578585548331,0.785578585548331
1.2947624963451623,1.2947624963451623
1.6879209315814567,1.6879209315814567
1.9298224147912704,1.9298224147912704
1.9987898162249766,1.9987898162249766
1.8886428707203564,1.8886428707203564
1.6092519998951031,1.6092519998951031
1.1856538098806775,1.1856538098806775
0.6558075260808018,0.6558075260808018
0.06719341396914102,0.06719341396914102
-0.5274419938105008,-0.5274419938105008
-1.0748125879001793,-1.0748125879001793
-1.5258677249067405,-1.5258677249067405
-1.8401877240601716,-1.8401877240601716
-1.9896059312575611,-1.9896059312575611
-1.960732772274754,-1.960732772274754
-1.7561556112123926,-1.7561556112123926
-1.394206893185386,-1.394206893185386
-0.9073213483131161,-0.9073213483131161
-0.3391294702550546,-0.3391294702550546
0.25945227326019654,0.25945227326019654
0.8347841362179774,0.8347841362179774
1.3353098268712065,1.3353098268712065
1.7161765390471015,1.7161765390471015
1.94325427474978,1.94325427474978
1.9961942809465714,1.9961942809465714
1.8702525297462447,1.8702525297462447
1.5767148373639122,1.5767148373639122
1.1418855263681622,1.1418855263681622
0.6047302585992015,0.6047302585992015
0.013384267791928426,0.013384267791928426
-0.5791611059445975,-0.5791611059445975
-1.1198070441220531,-1.1198070441220531
-1.560105509155142,-1.560105509155142
-1.8606007406721603,-1.8606007406721603
-1.9943649413057738,-1.9943649413057738
-1.9494113142223337,-1.9494113142223337
-1.72976821672696,-1.72976821672696
-1.355118173539364,-1.355118173539364
-0.8590340982651978,-0.8590340982651978
-0.2859707777199729,-0.2859707777199729
0.31271878360306016,0.31271878360306016
0.8833851779849082,0.8833851779849082
1.3748901928333102,1.3748901928333102
1.7431893773326297,1.7431893773326297
1.95527892719391,1.95527892719391
1.9921532016501609,1.9921532016501609
1.8505078454688206,1.8505078454688206
1.5430358968389464,1.5430358968389464
1.0972903464920576,1.0972903464920576
0.5532150757222343,0.5532150757222343
-0.0404345706023043,-0.0404345706023043
-0.6304608185843188,-0.6304608185843188
-1.1639905921124756,-1.1639905921124756
-1.593213543054204,-1.593213543054204
-1.8796664033235542,-1.8796664033235542
-1.9976797320522184,-1.9976797320522184
-1.9366781900356165,-1.9366781900356165
-1.702128210648499,-1.702128210648499
-1.3150481451158413,-1.3150481451158413
-0.8101247787054041,-0.8101247787054041
-0.23260499945628324,-0.23260499945628324
0.3657588386498569,0.3657588386498569
0.931346516406394,0.931346516406394
1.4134749321108409,1.4134749321108409
1.7689398850921791,1.7689398850921791
1.9658876644720042,1.9658876644720042
1.9866695046831793,1.9866695046831793
1.8294231160004852,1.8294231160004852
1.508239566923814,1.508239566923814
1.051900563850342,1.051900563850342
0.5012992821677059,0.5012992821677059
-0.09422412830369269,-0.09422412830369269
-0.6813039830445152,-0.6813039830445152
-1.2073312363567776,-1.2073312363567776
-1.6251678514223835,-1.6251678514223835
-1.8973709056153973,-1.8973709056153973
-1.9995479030912926,-1.9995479030912926
-1.9225426204060188,-1.9225426204060188
-1.6732556084864638,-1.6732556084864638
-1.2740258246245275,-1.2740258246245275
-0.7606288073157143,-0.7606288073157143
-0.1790707802904856,-0.1790707802904856
0.4185340294465431,0.4185340294465431
0.9786334202809622,0.9786334202809622
1.451036103566255,1.451036103566255
1.7934094150964388,1.7934094150964388
1.9750728042673495,1.9750728042673495
1.9797471610645856,1.9797471610645856
1.8070136098473601,1.8070136098473601
1.4723510453796127,1.4723510453796127
1.0057490474524633,1.0057490474524633
0.4490204727557387,0.4490204727557387
-0.1479454536058714,-0.1479454536058714
-0.7316537812494935,-0.7316537812494935
-1.2497975917289155,-1.2497975917289155
-1.655945294548371,-1.655945294548371
-1.9137014268330002,-1.9137014268330002
-1.9999681015870066,-1.9999681015870066
-1.907014841605803,-1.907014841605803
-1.6431713183346592,-1.6431713183346592
-1.232080918377313,-1.232080918377313
-0.710582026602113,-0.710582026602113
-0.12540688702544056,-0.12540688702544056
0.4710061388406241,0.4710061388406241
1.0252116467987935,1.0252116467987935
1.4875465072785299,1.4875465072785299
1.816580247736147,1.816580247736147
1.982827695161278,1.982827695161278
1.971391183609274,1.971391183609274
1.7832955548525105,1.7832955548525105
1.4353963208779321,1.4353963208779321
0.9588692179174391,0.9588692179174391
0.39641650518426585,0.39641650518426585
-0.20155964421307804,-0.20155964421307804
-0.781473752394636,-0.781473752394636
-1.2913589062191702,-1.2913589062191702
-1.685523584947832,-1.685523584947832
-1.9286461412299822,-1.9286461412299822
-1.998940023252634,-1.998940023252634
-1.8901060980754225,-1.8901060980754225
-1.6118971257307506,-1.6118971257307506
-1.1892438007765957,-1.1892438007765957
-0.6600206779390596,-0.6600206779390596
-0.07165218036761617,-0.07165218036761617
0.5231371691558809,0.5231371691558809
1.07104746633885,1.07104746633885
1.5229797042401474,1.5229797042401474
1.838435603853653,1.838435603853653
1.9891467214498277,1.9891467214498277
1.9616076232980197,1.9616076232980197
1.7582861264446474,1.7582861264446474
1.3974021541811936,1.3974021541811936
0.9112950232721208,0.9112950232721208
0.3435254726145727,0.3435254726145727
-0.25502787541105065,-0.25502787541105065
-0.8307278193495464,-0.8307278193495464
-1.3319850832031437,-1.3319850832031437
-1.7138813035028335,-1.7138813035028335
-1.9421942265919572,-1.9421942265919572
-1.9964644125710629,-1.9964644125710629
-1.871828634280915,-1.871828634280915
-1.5794556778802415,-1.5794556778802415
-1.1455454923196196,-1.1455454923196196
-0.6089813753253744,-0.6089813753253744
-0.01784558678588233,-0.01784558678588233
0.5748893697086085,0.5748893697086085
1.116107686894007,1.116107686894007
1.5573100355027598,1.5573100355027598
1.8589596568935756,1.8589596568935756
1.9940253072103375,1.9940253072103375
1.9504035648956708,1.9504035648956708
1.7320034352004428,1.7320034352004428
1.3583960587638877,1.3583960587638877
0.863060914367904,0.863060914367904
0.29038567608608185,0.29038567608608185
-0.30831142818200064,-0.30831142818200064
-0.8793803147834843,-0.8793803147834843
-1.3716467032361865,-1.3716467032361865
-1.7409979149724701,-1.7409979149724701
-1.9543358720733806,-1.9543358720733806
-1.9925430622556817,-1.9925430622556817
-1.8521956858470627,-1.8521956858470627
-1.545870467256378,-1.545870467256378
-1.1010176371348166,-1.1010176371348166
-0.5575010788702681,-0.5575010788702681
0.035973929676891864,0.035973929676891864
0.6262252641445774,0.6262252641445774
1.1603596781070953,1.1603596781070953
1.590512640758162,1.590512640758162
1.8781375443636745,1.8781375443636745
1.9974599196150977,1.9974599196150977
1.9377871218207277,1.9377871218207277
1.7044665137298445,1.7044665137298445
1.318406280888632,1.318406280888632
0.8142018199330994,0.8142018199330994
0.23703559678045907,0.23703559678045907
-0.3613717172431844,-0.3613717172431844
-0.9273960069935481,-0.9273960069935481
-1.4103150453575535,-1.4103150453575535
-1.7668537828635045,-1.7668537828635045
-1.9650622853020956,-1.9650622853020956
-1.9871788119521885,-1.9871788119521885
-1.8312214699727387,-1.8312214699727387
-1.5111658145882803,-1.5111658145882803
-1.0556924800669913,-1.0556924800669913
-0.5056170680285994,-0.5056170680285994
0.08976739561976183,0.08976739561976183
0.6771076775775926,0.6771076775775926
1.2037713949003355,1.2037713949003355
1.622563476341002,1.622563476341002
1.8959553785973942,1.8959553785973942
1.9994480714896568,1.9994480714896568
1.9237674302699974,1.9237674302699974
1.675695302893594,1.675695302893594
1.2774617791517056,1.2774617791517056
0.7647531212791118,0.7647531212791118
0.18351386815580434,0.18351386815580434
-0.414170318988097,-0.414170318988097
-0.9747401254179205,-0.9747401254179205
-1.4479621078886633,-1.4479621078886633
-1.7914301836500917,-1.7914301836500917
-1.9743656987463643,-1.9743656987463643
-1.98037554618224,-1.98037554618224
-1.8089211751356475,-1.8089211751356475
-1.4753668512489513,-1.4753668512489513
-1.0096028433270325,-1.0096028433270325
-0.45336691460504114,-0.45336691460504114
0.14349585650620933,0.14349585650620933
0.7274997635098722,0.7274997635098722
1.2463114006804985,1.2463114006804985
1.6534393326397891,1.6534393326397891
1.9124002568107032,1.9124002568107032
1.9999883231139046,1.9999883231139046
1.9083546426026379,1.9083546426026379
1.6457106373629407,1.6457106373629407
1.235592203512508,1.235592203512508
0.7147506266793756,0.7147506266793756
0.1298592479700098,0.1298592479700098
-0.46666899931115063,-0.46666899931115063
-1.021378385814869,-1.021378385814869
-1.4845606287104776,-1.4845606287104776
-1.8147093203325222,-1.8147093203325222
-1.9822393753396577,-1.9822393753396577
-1.972138191530508,-1.972138191530508
-1.7853109500935072,-1.7853109500935072
-1.4384995010564283,-1.4384995010564283
-0.9627821027238064,-0.9627821027238064
-0.40078845554623804,-0.40078845554623804
0.1971204048732956,0.1971204048732956
0.7773650305141152,0.7773650305141152
1.287948890103902,1.287948890103902
1.6831178509042757,1.6831178509042757
1.92746027044561,1.92746027044561
1.999080283264649,1.999080283264649
1.8915599199882613,1.8915599199882613
1.6145342305323984,1.6145342305323984
1.192827873822801,1.192827873822801
0.664230545438588,0.664230545438588
0.07611059021438683,0.07611059021438683
-0.5188297412947898,-0.5188297412947898
-1.0672770150898738,-1.0672770150898738
-1.5200841050055127,-1.5200841050055127
-1.8366743353247639,-1.8366743353247639
-1.9886776133593491,-1.9886776133593491
-1.9624727130770725,-1.9624727130770725
-1.7604078921899744,-1.7604078921899744
-1.400590461501091,-1.400590461501091
-0.9152641634948676,-0.9152641634948676
-0.34791976554151466,-0.34791976554151466
0.25060220850615894,0.25060220850615894
0.8266673686589827,0.8266673686589827
1.3286537113840513,1.3286537113840513
1.7115775394364805,1.7115775394364805
1.9411245137938045,1.9411245137938045
1.9967246094989122,1.9967246094989122
1.8733954243246709,1.8733954243246709
1.582188658795872,1.582188658795872
1.1491997578704187,1.1491997578704187
0.6132294616718482,0.6132294616718482
0.022306816977606635,0.022306816977606635
-0.5706147727396605,-0.5706147727396605
-1.1124027757521175,-1.1124027757521175
-1.5545068124496262,-1.5545068124496262
-1.8573093226619863,-1.8573093226619863
-1.993675750555604,-1.993675750555604
-1.951386110077826,-1.951386110077826
-1.7342300349734976,-1.7342300349734976
-1.3616671844125132,-1.3616671844125132
-0.8670834357542785,-0.8670834357542785
-0.29479912945086945,-0.29479912945086945
0.3039025385585885,0.3039025385585885
0.8753710756579981,0.8753710756579981
1.3683963881260137,1.3683963881260137
1.738797789154018,1.738797789154018
1.9533830918939323,1.9533830918939323
1.9929230076777689,1.9929230076777689
1.8538743094307595,1.8538743094307595
1.5486973451979915,1.5486973451979915
1.1047394489540334,1.1047394489540334
0.5617843078120561,0.5617843078120561
-0.031513109739956406,-0.031513109739956406
-0.6219865935170167,-0.6219865935170167
-1.1567229899836116,-1.1567229899836116
-1.587803823840439,-1.587803823840439
-1.8765993395188187,-1.8765993395188187
-1.9972301675275455,-1.9972301675275455
-1.9388864108959158,-1.9388864108959158
-1.7067963351384803,-1.7067963351384803
-1.321757856080463,-1.321757856080463
-0.8182748095743295,-0.8182748095743295
-0.2414650145811067,-0.2414650145811067
0.3569827975984045,0.3569827975984045
0.9234408827235623,0.9234408827235623
1.4071481406719148,1.4071481406719148
1.7647588885139869,1.7647588885139869
1.9642271276970957,1.9642271276970957
1.9876782307310434,1.9876782307310434
1.8330107115212106,1.8330107115212106
1.5140845424723524,1.5140845424723524
1.0594791430046817,1.0594791430046817
0.5099323378656148,0.5099323378656148
-0.0853102162402149,-0.0853102162402149
-0.6729080027246578,-0.6729080027246578
-1.2002055633027409,-1.2002055633027409
-1.6199510271482955,-1.6199510271482955
-1.8945304170302766,-1.8945304170302766
-1.9993382903442563,-1.9993382903442563
-1.9249826671880734,-1.9249826671880734
-1.678126658797689,-1.678126658797689
-1.2808913768436416,-1.2808913768436416
-0.7688736297199967,-0.7688736297199967
-0.1879560428295119,-0.1879560428295119
0.40980454755801127,0.40980454755801127
0.9708419801065356,0.9708419801065356
1.4448809069414754,1.4448809069414754
1.7894420377872031,1.7894420377872031
1.9736487684951416,1.9736487684951416
1.9809940766637841,1.9809940766637841
1.8108197389696687,1.8108197389696687
1.4783753154787518,1.4783753154787518
1.013451615271364,1.013451615271364
0.45771110043472846,0.45771110043472846
-0.13904554535039781,-0.13904554535039781
-0.7233421256258528,-0.7233421256258528
-1.2428190078056647,-1.2428190078056647
-1.6509251429771246,-1.6509251429771246
-1.9110895704071924,-1.9110895704071924
-1.9999985924086685,-1.9999985924086685
-1.9096849473498136,-1.9096849473498136
-1.6482417670962648,-1.6482417670962648
-1.2390973401615888,-1.2390973401615888
-0.7189156700538216,-0.7189156700538216
-0.13431096271614432,-0.13431096271614432
0.46232953756898587,0.46232953756898587
1.0175400423039234,1.0175400423039234
1.481567362753335,1.481567362753335
1.8128293626719687,1.8128293626719687
1.9816411916072392,1.9816411916072392
1.972875385805909,1.972875385805909
1.7873174613681444,1.7873174613681444
1.4415955230526918,1.4415955230526918
0.9666901965866618,0.9666901965866618
0.4051584115266931,0.4051584115266931
-0.19268018463377237,-0.19268018463377237
-0.7732524403523914,-0.7732524403523914
-1.2845324649680059,-1.2845324649680059
-1.6807037414220085,-1.6807037414220085
-1.926264808339234,-1.926264808339234
-1.9992105955630661,-1.9992105955630661
-1.8930043292244347,-1.8930043292244347
-1.6171633011774138,-1.6171633011774138
-1.196406011184403,-1.196406011184403
-0.6684371076305826,-0.6684371076305826
-0.08056862132387223,-0.08056862132387223
0.5145197316616682,0.5145197316616682
1.063501252915587,1.063501252915587
1.5171809416117765,1.5171809416117765
1.834903927237844,1.834903927237844
1.9881986093204633,1.9881986093204633
1.9633280373071214,1.9633280373071214
1.762520897890132,1.762520897890132
1.403771799279557,1.403771799279557
0.9192287492303137,0.9192287492303137
0.3523123271692131,0.3523123271692131
-0.2461752945683102,-0.2461752945683102
-0.8226028043515747,-0.8226028043515747
-1.3253157279912344,-1.3253157279912344
-1.709265258311936,-1.709265258311936
-1.9400451416783748,-1.9400451416783748
-1.9969748704353396,-1.9969748704353396
-1.874952892080928,-1.874952892080928
-1.5849137665111641,-1.5849137665111641
-1.1528483048364975,-1.1528483048364975
-0.6174744964994748,-0.6174744964994748
-0.026767936167315647,-0.026767936167315647
0.5663373363087957,0.5663373363087957
1.1086923291325839,1.1086923291325839
1.5516958539450036,1.5516958539450036
1.8556497461896537,1.8556497461896537
1.9933162730810088,1.9933162730810088
1.9523589448794998,1.9523589448794998
1.7364480049662265,1.7364480049662265
1.3649315342076236,1.3649315342076236
0.8711016424076452,0.8711016424076452
0.2992111158524639,0.2992111158524639
-0.29949213667198593,-0.29949213667198593
-0.8713574805590567,-0.8713574805590567
-1.3651392636768735,-1.3651392636768735
-1.7365890108254325,-1.7365890108254325
-1.9524205913967436,-1.9524205913967436
-1.9932930360257566,-1.9932930360257566
-1.8555437078668797,-1.8555437078668797
-1.5515165165969043,-1.5515165165969043
-1.1084557634293848,-1.1084557634293848
-0.5660647412336023,-0.5660647412336023
0.027052132989213697,0.027052132989213697
0.6177448277939038,0.6177448277939038
1.1530805458386195,1.1530805458386195
1.5850871057804317,1.5850871057804317
1.8750517964433366,1.8750517964433366
1.9969904769328441,1.9969904769328441
1.939976051790952,1.939976051790952
1.709117663280862,1.709117663280862
1.3251028540133885,1.3251028540133885
0.822343727361411,0.822343727361411
0.2458932308167439,0.2458932308167439
-0.35259210155547444,-0.35259210155547444
-0.9194811632777342,-0.9194811632777342
-1.4039742338129229,-1.4039742338129229
-1.762655212468138,-1.762655212468138
-1.9633821958128488,-1.9633821958128488
-1.9881677585345763,-1.9881677585345763
-1.8347908317423522,-1.8347908317423522
-1.51699573605198,-1.51699573605198
-1.0632605338204046,-1.0632605338204046
-0.5142450702053154,-0.5142450702053154
0.08085261234465174,0.08085261234465174
0.6687049793837956,0.6687049793837956
1.1966337593081346,1.1966337593081346
1.617330516844224,1.617330516844224
1.8930960280048692,1.8930960280048692
1.9992185602013786,1.9992185602013786
1.9261883251130438,1.9261883251130438
1.680549664100031,1.680549664100031
1.2843146006342472,1.2843146006342472
0.7729903121340688,0.7729903121340688
0.1923972822066176,0.1923972822066176
-0.40543673688102605,-0.40543673688102605
-0.9669390037445689,-0.9669390037445689
-1.4417925160572131,-1.4417925160572131
-1.7874449874010254,-1.7874449874010254
-1.97292201708124,-1.97292201708124
-1.981602749431313,-1.981602749431313
-1.8127092919018823,-1.8127092919018823
-1.4813764230984405,-1.4813764230984405
-1.0172953441333856,-1.0172953441333856
-0.46205300862761234,-0.46205300862761234
0.13459454228371764,0.13459454228371764
0.7191808882864976,0.7191808882864976
1.2393204304831344,1.2393204304831344
1.6484027380713662,1.6484027380713662
1.9097693741446418,1.9097693741446418
1.9999989094201964,1.9999989094201964
1.9110057492275745,1.9110057492275745
1.6507646949393306,1.6507646949393306
1.242596310882443,1.242596310882443
0.7230771359995642,0.7230771359995642
0.13876200911143713,0.13876200911143713
-0.45798777520794887,-0.45798777520794887
-1.0136966353660122,-1.0136966353660122
-1.478566724301952,-1.478566724301952
-1.8109403841094525,-1.8109403841094525
-1.9810331469406828,-1.9810331469406828
-1.9736027627670858,-1.9736027627670858
-1.789315078691718,-1.789315078691718
-1.4446843714604276,-1.4446843714604276
-0.9705934800588627,-0.9705934800588627
-0.40952635138004,-0.40952635138004
0.1882390055897452,0.1882390055897452
0.7691360023743098,0.7691360023743098
1.2811096478121524,1.2811096478121524
1.67828126851402,1.67828126851402
1.9250597608596165,1.9250597608596165
1.9993309594994355,1.9993309594994355
1.8944393185963349,1.8944393185963349
1.6197843245831596,1.6197843245831596
1.1999781950560704,1.1999781950560704
0.6726403435825259,0.6726403435825259
0.08502625151220576,0.08502625151220576
-0.5102071617036398,-0.5102071617036398
-1.0597201986047784,-1.0597201986047784
-1.5142702285055385,-1.5142702285055385
-1.8331243884027006,-1.8331243884027006
-1.9877097117167697,-1.9877097117167697
-1.9641735917319383,-1.9641735917319383
-1.7646251330305518,-1.7646251330305518
-1.4069461516858752,-1.4069461516858752
-0.9231887607500546,-0.9231887607500546
-0.3567031356396439,-0.3567031356396439
0.2417471556264707,0.2417471556264707
0.818534146653236,0.818534146653236
1.321971149635025,1.321971149635025
1.7069444716353883,1.7069444716353883
1.9389561156167945,1.9389561156167945
1.9972151941350074,1.9972151941350074
1.8765010297995006,1.8765010297995006
1.5876309874655508,1.5876309874655508
1.1564911150621096,1.1564911150621096
0.6217164586844528,0.6217164586844528
0.031228922155946567,0.031228922155946567
-0.5620570817012129,-0.5620570817012129
-1.104976365499127,-1.104976365499127
-1.5488771739766294,-1.5488771739766294
-1.8539809357348918,-1.8539809357348918
-1.9929468765753682,-1.9929468765753682
-1.9533220644597495,-1.9533220644597495
-1.7386573341416611,-1.7386573341416611
-1.3681890919052995,-1.3681890919052995
-0.875115514332825,-0.875115514332825
-0.30362161333612425,-0.30362161333612425
0.29508024446904896,0.29508024446904896
0.8673395494587893,0.8673395494587893
1.3618753460966064,1.3618753460966064
1.7343715909779431,1.7343715909779431
1.9514483753713565,1.9514483753713565
1.99365314545833,1.99365314545833
1.8572038728482325,1.8572038728482325
1.554327967424474,1.554327967424474
1.1121665620680456,1.1121665620680456
0.570342357834794,0.570342357834794
-0.02259102162318826,-0.02259102162318826
-0.6134999880828808,-0.6134999880828808
-1.1494323637974961,-1.1494323637974961
-1.5823625000969577,-1.5823625000969577
-1.8734949228379882,-1.8734949228379882
-1.996740849023723,-1.996740849023723
-1.9410560390836107,-1.9410560390836107
-1.7114304866057237,-1.7114304866057237
-1.3284412580422131,-1.3284412580422131
-0.8264085530467664,-0.8264085530467664
-0.2503202234520369,-0.2503202234520369
0.34819965096302274,0.34819965096302274
0.915516868360253,0.915516868360253
1.400793340574439,1.400793340574439
1.7605427651941552,1.7605427651941552
1.9625274938538695,1.9625274938538695
1.9886473929268196,1.9886473929268196
1.836561821778073,1.836561821778073
1.5198993808407153,1.5198993808407153
1.067036633697363,1.067036633697363
0.5185552435869195,0.5185552435869195
-0.0763946061147562,-0.0763946061147562
-0.6644986284699131,-0.6644986284699131
-1.193056000690241,-1.193056000690241
-1.61470195846876,-1.61470195846876
-1.8916522186589186,-1.8916522186589186
-1.9990888816568184,-1.9990888816568184
-1.9273843980453795,-1.9273843980453795
-1.6829643067433624,-1.6829643067433624
-1.2877314334890198,-1.2877314334890198
-0.7771031480362236,-0.7771031480362236
-0.19683756418698284,-0.19683756418698284
0.4010669086920567,0.4010669086920567
0.963031215753847,0.963031215753847
1.4386969506041973,1.4386969506041973
1.7854390424292215,1.7854390424292215
1.9721854481210521,1.9721854481210521
1.9822015614560056,1.9822015614560056
1.8145898245295988,1.8145898245295988
1.4843701591740701,1.4843701591740701
1.021134010786145,1.021134010786145
0.46639261757767203,0.46639261757767203
-0.13014286945506268,-0.13014286945506268
-0.7150160721986218,-0.7150160721986218
-1.2358156861222471,-1.2358156861222471
-1.6458721304743988,-1.6458721304743988
-1.9084396745925563,-1.9084396745925563
-1.9999892741469112,-1.9999892741469112
-1.912317041663385,-1.912317041663385
-1.6532794083377793,-1.6532794083377793
-1.246089098263817,-1.246089098263817
-0.7272350038085451,-0.7272350038085451
-0.14321236500683543,-0.14321236500683543
0.45364373383327916,0.45364373383327916
1.009848184126536,1.009848184126536
1.475558728287979,1.475558728287979
1.809042394044757,1.809042394044757
1.9804152443656917,1.9804152443656917
1.9743203187944969,1.9743203187944969
1.7913037921237693,1.7913037921237693
1.4477660309090392,1.4477660309090392
0.9744919337170044,0.9744919337170044
0.4138922533709432,0.4138922533709432
-0.18379688984099576,-0.18379688984099576
-0.7650157370638632,-0.7650157370638632
-1.2776804556687769,-1.2776804556687769
-1.6758504442348872,-1.6758504442348872
-1.923845134003264,-1.923845134003264
-1.9994413744748074,-1.9994413744748074
-1.8958648809632823,-1.8958648809632823
-1.6223972877070094,-1.6223972877070094
-1.203544407662053,-1.203544407662053
-0.6768402323784526,-0.6768402323784526
-0.08948345859751597,-0.08948345859751597
0.5058920528807882,0.5058920528807882
1.0559338709723785,1.0559338709723785
1.511351980170818,1.511351980170818
1.8313357276745772,1.8313357276745772
1.987210922981094,1.987210922981094
1.9650093721439215,1.9650093721439215
1.7667205871402267,1.7667205871402267
1.4101135029239662,1.4101135029239662
0.9271441783485992,0.9271441783485992
0.3610921691034511,0.3610921691034511
-0.23731781371575886,-0.23731781371575886
-0.8144614158102497,-0.8144614158102497
-1.3186199929585731,-1.3186199929585731
-1.704615190955467,-1.704615190955467
-1.9378574410281733,-1.9378574410281733
-1.9974455794020387,-1.9974455794020387
-1.878039829776631,-1.878039829776631
-1.5903403081377467,-1.5903403081377467
-1.1601281704201032,-1.1601281704201032
-0.6259553271181089,-0.6259553271181089
-0.03568975274492889,-0.03568975274492889
0.5577740302159714,0.5577740302159714
1.1012549033429684,1.1012549033429684
1.5460507865707,1.5460507865707
1.852302899601965,1.852302899601965
1.992567562876858,1.992567562876858
1.954275464025928,1.954275464025928
1.740858011505943,1.740858011505943
1.3714398412955848,1.3714398412955848
0.8791250315562086,0.8791250315562086
0.3080305999545751,0.3080305999545751
-0.29066688390399337,-0.29066688390399337
-0.8633173023510555,-0.8633173023510555
-1.3586046516269816,-1.3586046516269816
-1.7321455406456967,-1.7321455406456967
-1.9504664486556715,-1.9504664486556715
-1.994003334183528,-1.994003334183528
-1.8588547961135755,-1.8588547961135755
-1.557131683690478,-1.557131683690478
-1.1158718264044485,-1.1158718264044485
-0.5746171363297542,-0.5746171363297542
0.018129797840847135,0.018129797840847135
0.6092520955068856,0.6092520955068856
1.1457784620141247,1.1457784620141247
1.5796300203480507,1.5796300203480507
1.8719287264500215,1.8719287264500215
1.99648128504237,1.99648128504237
1.9421263673997466,1.9421263673997466
1.7137347936040914,1.7137347936040914
1.3317730515545119,1.3317730515545119
0.8304692664031819,0.8304692664031819
0.2547459704575152,0.2547459704575152
-0.3438054676786331,-0.3438054676786331
-0.9115480176978737,-0.9115480176978737
-1.397605476784928,-1.397605476784928
-1.7584215572038824,-1.7584215572038824
-1.9616630260732781,-1.9616630260732781
-1.989117131521043,-1.989117131521043
-1.8383236728156462,-1.8383236728156462
-1.5227954623895636,-1.5227954623895636
-1.0708074238452312,-1.0708074238452312
-0.5228628365623237,-0.5228628365623237
0.07193621973427104,0.07193621973427104
0.6602889709144771,0.6602889709144771
1.1894723052525973,1.1894723052525973
1.6120653651020584,1.6120653651020584
1.890198996176974,1.890198996176974
1.9989492553558752,1.9989492553558752
1.9285708800332482,1.9285708800332482
1.6853705747120717,1.6853705747120717
1.2911418584053038,1.2911418584053038
0.7812121169603404,0.7812121169603404
0.2012768666750636,0.2012768666750636
-0.39669508473589116,-0.39669508473589116
-0.9591186355799903,-0.9591186355799903
-1.435594225986332,-1.435594225986332
-1.783424212853614,-1.783424212853614
-1.971439065279899,-1.971439065279899
-1.9827905097580483,-1.9827905097580483
-1.8164613274950148,-1.8164613274950148
-1.487356508808376,-1.487356508808376
-1.0249675961278795,-1.0249675961278795
-0.47072990569038375,-0.47072990569038375
0.12569054901660293,0.12569054901660293
0.7108476980870075,0.7108476980870075
1.232304792163164,1.232304792163164
1.643333332778829,1.643333332778829
1.90710047836768,1.90710047836768
1.999969686636759,1.999969686636759
1.9136188181320972,1.9136188181320972
1.655785894777872,1.655785894777872
1.2495756849248723,1.2495756849248723
0.7313892527906106,0.7313892527906106
0.14766200825672246,0.14766200825672246
-0.44929743506155706,-0.44929743506155706
-1.0059947077359461,-1.0059947077359461
-1.4725433896796407,-1.4725433896796407
-1.8071354019225803,-1.8071354019225803
-1.9797874869570466,-1.9797874869570466
-1.9750280503174968,-1.9750280503174968
-1.793283591768222,-1.793283591768222
-1.4508404860638202,-1.4508404860638202
-0.9783855381619151,-0.9783855381619151
-0.4182560957737627,-0.4182560957737627
0.17935385949241966,0.17935385949241966
0.7608916649240898,0.7608916649240898
1.2742449056020364,1.2742449056020364
1.6734112806807437,1.6734112806807437
1.9226209338143363,1.9226209338143363
1.9995418399397404,1.9995418399397404
1.897281009231454,1.897281009231454
1.6250021775465464,1.6250021775465464
1.2071046312564497,1.2071046312564497
0.6810367531192132,0.6810367531192132
0.09394022040020714,0.09394022040020714
-0.5015744266656115,-0.5015744266656115
-1.052142288859944,-1.052142288859944
-1.5084262111294282,-1.5084262111294282
-1.8295379539541092,-1.8295379539541092
-1.986702245595481,-1.986702245595481
-1.9658353743841064,-1.9658353743841064
-1.7688072497918732,-1.7688072497918732
-1.4132738372326308,-1.4132738372326308
-0.9310949823431649,-0.9310949823431649
-0.3654794057202789,-0.3654794057202789
0.23288729087710994,0.23288729087710994
0.8103846320890116,0.8103846320890116
1.3152622746376352,1.3152622746376352
1.7022774278629522,1.7022774278629522
1.9367491233797456,1.9367491233797456
1.9976660250899891,1.9976660250899891
1.8795692843550267,1.8795692843550267
1.593041715045779,1.593041715045779
1.1637594528119626,1.1637594528119626
0.6301910807072184,0.6301910807072184
0.04015040573652226,0.04015040573652226
-0.5534882031662113,-0.5534882031662113
-1.097527961182549,-1.097527961182549
-1.5432167057916577,-1.5432167057916577
-1.8506156461409822,-1.8506156461409822
-1.9921783338729884,-1.9921783338729884
-1.9552191388338052,-1.9552191388338052
-1.7430500261080422,-1.7430500261080422
-1.3746837662020726,-1.3746837662020726
-0.8831301741258564,-0.8831301741258564
-0.31243805376805905,-0.31243805376805905
0.2862520769383419,0.2862520769383419
0.8592907592511403,0.8592907592511403
1.3553271965434492,1.3553271965434492
1.7299108709058708,1.7299108709058708
1.9494748161358737,1.9494748161358737
1.9943436004587696,1.9943436004587696
1.8604964694477168,1.8604964694477168
1.5599276514432885,1.5599276514432885
1.1195715380007552,1.1195715380007552
0.578889055446292,0.578889055446292
-0.013668483842171479,-0.013668483842171479
-0.6050011712040485,-0.6050011712040485
-1.1421188586708506,-1.1421188586708506
-1.5768896801309262,-1.5768896801309262
-1.8703532150730577,-1.8703532150730577
-1.9962117862804127,-1.9962117862804127
-1.9431870314132367,-1.9431870314132367
-1.7160305728094585,-1.7160305728094585
-1.3350982179708815,-1.3350982179708815
-0.8345258472240614,-0.8345258472240614
-0.259170449810132,-0.259170449810132
0.33940957356828727,0.33940957356828727
0.9075746310404262,0.9075746310404262
1.3944106583078657,1.3944106583078657
1.7562915990527586,1.7562915990527586
1.9607887967727924,1.9607887967727924
1.9895769719797587,1.9895769719797587
1.8400763760878458,1.8400763760878458
1.5256839662872026,1.5256839662872026
1.074572885499963,1.074572885499963
0.5271678276964301,0.5271678276964301
-0.0674774753886603,-0.0674774753886603
-0.656076027665247,-0.656076027665247
-1.1858826908281002,-1.1858826908281002
-1.6094207498641235,-1.6094207498641235
-1.8887363677905746,-1.8887363677905746
-1.9987996819933533,-1.9987996819933533
-1.9297477651725434,-1.9297477651725434
-1.6877684560322197,-1.6877684560322197
-1.2945458584123297,-1.2945458584123297
-0.7853171984595936,-0.7853171984595936
-0.20571516758024644,-0.20571516758024644
0.3923212867674155,0.3923212867674155
0.9552012826926158,0.9552012826926158
1.432484357643264,1.432484357643264
1.7814005087003122,1.7814005087003122
1.9706828722718424,1.9706828722718424
1.9833695914067866,1.9833695914067866
1.8183237914852126,1.8183237914852126
1.4903354571407723,1.4903354571407723
1.028796081082112,1.028796081082112
0.47506485138277227,0.47506485138277227
-0.1212376031237311,-0.1212376031237311
-0.7066757866940891,-0.7066757866940891
-1.228787766076603,-1.228787766076603
-1.6407863576181143,-1.6407863576181143
-1.9057517921340645,-1.9057517921340645
-1.9999401469872098,-1.9999401469872098
-1.9149110721558658,-1.9149110721558658
-1.6582841417871284,-1.6582841417871284
-1.2530560535160697,-1.2530560535160697
-0.7355398622735092,-0.7355398622735092
-0.1521109167189143,-0.1521109167189143
0.44494890052059594,0.44494890052059594
1.0021362253697006,1.0021362253697006
1.4695207234816998,1.4695207234816998
1.8052194172323917,1.8052194172323917
1.9791498778385592,1.9791498778385592
1.9757259538143022,1.9757259538143022
1.7952544677732805,1.7952544677732805
1.4539077216257965,1.4539077216257965
0.9822742740184044,0.9822742740184044
0.42261785687366343,0.42261785687366343
-0.17490993665289767,-0.17490993665289767
-0.7567638064770763,-0.7567638064770763
-1.270803014707815,-1.270803014707815
-1.670963789989222,-1.670963789989222
-1.9213871663846305,-1.9213871663846305
-1.9996323553943043,-1.9996323553943043
-1.89868769635399,-1.89868769635399
-1.6275989811394276,-1.6275989811394276
-1.2106588481230263,-1.2106588481230263
-0.6852298849222581,-0.6852298849222581
-0.09839651474272897,-0.09839651474272897
0.4972543045432992,0.4972543045432992
1.048345471134697,1.048345471134697
1.5054929359402343,1.5054929359402343
1.8277310761873256,1.8277310761873256
1.9861836820911967,1.9861836820911967
1.966651594342186,1.966651594342186
1.770885110601955,1.770885110601955
1.416427138885587,1.416427138885587
0.9350411530739778,0.9350411530739778
0.3698648236585455,0.3698648236585455
-0.22845560915750499,-0.22845560915750499
-0.8063038157762411,-0.8063038157762411
-1.3118980113807477,-1.3118980113807477
-1.6999311939909214,-1.6999311939909214
-1.9356311681865905,-1.9356311681865905
-1.9978765301019026,-1.9978765301019026
-1.8810893859238615,-1.8810893859238615
-1.595735194746986,-1.595735194746986
-1.1673849441678998,-1.1673849441678998
-0.634423698374057,-0.634423698374057
-0.04461085893387004,-0.04461085893387004
0.5491996218788298,0.5491996218788298
1.0937955575637215,1.0937955575637215
1.5403749457423357,1.5403749457423357
1.8489191837479824,1.8489191837479824
1.991779191500624,1.991779191500624
1.9561530841875057,1.9561530841875057
1.7452333670403157,1.7452333670403157
1.3779208504827278,1.3779208504827278
0.8871309221114958,0.8871309221114958
0.3168439528443342,0.3168439528443342
-0.2818358455408146,-0.2818358455408146
-0.8552599401957066,-0.8552599401957066
-1.3520429971551018,-1.3520429971551018
-1.7276675928785061,-1.7276675928785061
-1.9484734827464827,-1.9484734827464827
-1.9946739425908357,-1.9946739425908357
-1.8621288846814306,-1.8621288846814306
-1.5627158567697284,-1.5627158567697284
-1.1232656784466162,-1.1232656784466162
-0.5831580939269903,-0.5831580939269903
0.009207101827022968,0.009207101827022968
0.6007472363276941,0.6007472363276941
1.1384535719784847,1.1384535719784847
1.574141493081915,1.574141493081915
1.8687683965470696,1.8687683965470696
1.9959323540789164,1.9959323540789164
1.9442380258460628,1.9442380258460628
1.7183178127976644,1.7183178127976644
1.3384167407447687,1.3384167407447687
0.8385782753232186,0.8385782753232186
0.26359363949297976,0.26359363949297976
-0.3350119905066481,-0.3350119905066481
-0.9035967281598062,-0.9035967281598062
-1.3912089010409292,-1.3912089010409292
-1.7541529013398192,-1.7541529013398192
-1.9599048103027263,-1.9599048103027263
-1.9900269120147343,-1.9900269120147343
-1.8418199228729657,-1.8418199228729657
-1.528564878160018,-1.528564878160018
-1.0783329999240743,-1.0783329999240743
-0.5314701955669232,-0.5314701955669232
0.06301839526533966,0.06301839526533966
0.6518598196864932,0.6518598196864932
1.1822871752792383,1.1822871752792383
1.6067681259149778,1.6067681259149778
1.887264340777878,1.887264340777878
1.9986401623135441,1.9986401623135441
1.9309150476068841,1.9309150476068841
1.6901579387716015,1.6901579387716015
1.2979434165712993,1.2979434165712993
0.789418372106502,0.789418372106502
0.21015244481690198,0.21015244481690198
-0.3879455365512832,-0.3879455365512832
-0.9512791765850395,-0.9512791765850395
-1.4293673610501505,-1.4293673610501505
-1.7793679400395623,-1.7793679400395623
-1.9699168728598278,-1.9699168728598278
-1.9839388035206114,-1.9839388035206114
-1.8201772072323963,-1.8201772072323963
-1.4933069893477326,-1.4933069893477326
-1.0326194465976488,-1.0326194465976488
-0.47939743308351884,-0.47939743308351884
0.11678405393495206,0.11678405393495206
0.7025003587799032,0.7025003587799032
1.225264625363796,1.225264625363796
1.6382312176663727,1.6382312176663727
1.9043936226029685,1.9043936226029685
1.9999006553452578,1.9999006553452578
1.916193797304247,1.916193797304247
1.6607741369338451,1.6607741369338451
1.256530186718501,1.256530186718501
0.7396868116034171,0.7396868116034171
0.1565590682552236,0.1565590682552236
-0.4405981518494457,-0.4405981518494457
-0.9982727562281675,-0.9982727562281675
-1.4664907447353817,-1.4664907447353817
-1.8032944495084093,-1.8032944495084093
-1.9785024201830652,-1.9785024201830652
-1.9764140258120435,-1.9764140258120435
-1.7972164103315795,-1.7972164103315795
-1.4569677223319586,-1.4569677223319586
-0.9861581219355585,-0.9861581219355585
-0.42697751496577807,-0.42697751496577807
0.17046514343614794,0.17046514343614794
0.752632182263435,0.752632182263435
1.2673548001132857,1.2673548001132857
1.6685079843394535,1.6685079843394535
1.920143837853553,1.920143837853553
1.9997129203880808,1.9997129203880808
1.9000849353310112,1.9000849353310112
1.630187685563581,1.630187685563581
1.2142070405754835,1.2142070405754835
0.689419606921955,0.689419606921955
0.10285231944991412,0.10285231944991412
-0.4929317080114058,-0.4929317080114058
-1.044543436690249,-1.044543436690249
-1.502552169199714,-1.502552169199714
-1.8259151033654204,-1.8259151033654204
-1.985655235048662,-1.985655235048662
-1.967458027956511,-1.967458027956511
-1.7729541592307356,-1.7729541592307356
-1.4195733921915477,-1.4195733921915477
-0.9389826709043199,-0.9389826709043199
-0.37424840109577473,-0.37424840109577473
0.22402279060963534,0.22402279060963534
0.8022189871786723,0.8022189871786723
1.3085272199289726,1.3085272199289726
1.6975765010145751,1.6975765010145751
1.9345035810118434,1.9345035810118434
1.9980770933902703,1.9980770933902703
1.882600126918967,1.882600126918967
1.5984207338383594,1.5984207338383594
1.1710046264468517,1.1710046264468517
0.6386531590565047,0.6386531590565047
0.04907109014110984,0.04907109014110984
-0.5449083076944299,-0.5449083076944299
-1.0900577110594676,-1.0900577110594676
-1.5375255205637441,-1.5375255205637441
-1.8472135208648088,-1.8472135208648088
-1.9913701377459556,-1.9913701377459556
-1.9570772954395819,-1.9570772954395819
-1.7474080234380864,-1.7474080234380864
-1.3811510780292673,-1.3811510780292673
-0.8911272556050281,-0.8911272556050281
-0.3212482752592318,-0.3212482752592318
0.27741821168733244,0.27741821168733244
0.8512248652426951,0.8512248652426951
1.3487520698045914,1.3487520698045914
1.7254157177264802,1.7254157177264802
1.9474624534702785,1.9474624534702785
1.994994358935896,1.994994358935896
1.8637520336915816,1.8637520336915816
1.5654962857952834,1.5654962857952834
1.1269542293594528,1.1269542293594528
0.5874242305283852,0.5874242305283852
-0.0047456739959996315,-0.0047456739959996315
-0.5964903120458029,-0.5964903120458029
-1.1347826201758389,-1.1347826201758389
-1.571385472876465,-1.571385472876465
-1.8671742787583443,-1.8671742787583443
-1.9956429898283763,-1.9956429898283763
-1.9452793454683242,-1.9452793454683242
-1.7205965021870713,-1.7205965021870713
-1.3417286033627227,-1.3417286033627227
-0.8426265305351833,-0.8426265305351833
-0.26801551749562463,-0.26801551749562463
0.3306127403767273,0.3306127403767273
0.8996143288507367,0.8996143288507367
1.388000220916609,1.388000220916609
1.7520054747074254,1.7520054747074254
1.9590110710618802,1.9590110710618802
1.9904669493869915,1.9904669493869915
1.8435543044948643,1.8435543044948643
1.531438183672174,1.531438183672174
1.08208774840669,1.08208774840669
0.5357699187645962,0.5357699187645962
-0.05855900155333896,-0.05855900155333896
-0.6476403679586787,-0.6476403679586787
-1.1786857764978185,-1.1786857764978185
-1.6041075064544632,-1.6041075064544632
-1.8857829224639417,-1.8857829224639417
-1.9984706971102442,-1.9984706971102442
-1.9320727215277633,-1.9320727215277633
-1.6925390110397434,-1.6925390110397434
-1.3013345159753837,-1.3013345159753837
-0.7935156174930302,-0.7935156174930302
-0.21458867630449477,-0.21458867630449477
0.38356785586186226,0.38356785586186226
0.9473523367742308,0.9473523367742308
1.4262432517176182,1.4262432517176182
1.7773265169857204,1.7773265169857204
1.969141070855579,1.969141070855579
1.98449814326704,1.98449814326704
1.8220215655136522,1.8220215655136522
1.4962710906424048,1.4962710906424048
1.0364376736490628,1.0364376736490628
0.48372762923295787,0.48372762923295787
-0.11232992361188644,-0.11232992361188644
-0.6983214351219852,-0.6983214351219852
-1.2217353875564025,-1.2217353875564025
-1.635667925638352,-1.635667925638352
-1.9030259765328403,-1.9030259765328403
-1.999851211907419,-1.999851211907419
-1.9174669871942147,-1.9174669871942147
-1.6632558678274443,-1.6632558678274443
-1.2599980672443754,-1.2599980672443754
-0.7438300801444071,-0.7438300801444071
-0.16100644073088938,-0.16100644073088938
0.4362452106978413,0.4362452106978413
0.9944043195366283,0.9944043195366283
1.4634534685183778,1.4634534685183778
1.8013605083295516,1.8013605083295516
1.9778451172124079,1.9778451172124079
1.977092262886775,1.977092262886775
1.7991694096802084,1.7991694096802084
1.4600204729552988,1.4600204729552988
0.9900370625867864,0.9900370625867864
0.43133504835581515,0.43133504835581515
-0.16601950196010654,-0.16601950196010654
-0.7484968128428324,-0.7484968128428324
-1.2639002789773524,-1.2639002789773524
-1.6660438759517582,-1.6660438759517582
-1.9188909544081187,-1.9188909544081187
-1.9997835345201649,-1.9997835345201649
-1.9014727192096534,-1.9014727192096534
-1.632768277937238,-1.632768277937238
-1.217749190957501,-1.217749190957501
-0.6936058982696391,-0.6936058982696391
-0.10730761234903174,-0.10730761234903174
0.488606658579799,0.488606658579799
1.040736204446076,1.040736204446076
1.499603925541549,1.499603925541549
1.8240900445249835,1.8240900445249835
1.9851169070975192,1.9851169070975192
1.9682546712141917,1.9682546712141917
1.775014385382276,1.775014385382276
1.42271258149422,1.42271258149422
0.9429195162206261,0.9429195162206261
0.3786301162186491,0.3786301162186491
-0.2195888572918494,-0.2195888572918494
-0.7981301666230053,-0.7981301666230053
-1.3051499170558571,-1.3051499170558571
-1.695213360651207,-1.695213360651207
-1.9333663674665418,-1.9333663674665418
-1.99826771395706,-1.99826771395706
-1.8841014998226375,-1.8841014998226375
-1.601098318956198,-1.601098318956198
-1.1746184816369385,-1.1746184816369385
-0.6428794417080439,-0.6428794417080439
-0.05353107716337023,-0.05353107716337023
0.5406142819672137,0.5406142819672137
1.086314440269854,1.086314440269854
1.534668444435036,1.534668444435036
1.8454986659790875,1.8454986659790875
