Label,0,1,2,3,4,5,6,7,8,9,10,11,12,13,14,15,16,17,18,19,20,21,22,23,24,25,26,27,28,29,30,31,32,33,34,35,36,37,38,39,40,41,42,43,44,45,46,47,48,49
ProductDisclosureStatement,0.253641289,0.103853441,-0.092974509,0.083804991,-0.259834677,0.336565093,-0.432799424,-0.092601665,0.189538459,-0.006516984,-0.420266669,0.439215373,0.231606479,-0.235215169,0.166080377,0.06415186,-0.071170966,0.169365301,-0.047227175,-0.009546658,0.322413435,0.277090376,0.055332646,-0.025330034,-0.370451523,-0.120211454,0.073899314,0.317829904,0.278734647,0.029340776,0.511437041,0.04210707,-0.543920886,0.690323923,-0.001650561,-0.475121608,0.545757601,-0.085099622,0.014424784,0.227715541,0.620612275,-0.04503372,-0.174606344,0.610605685,-0.375802472,-0.176713434,0.187806631,-0.204413625,0.011602212,-0.490087366
ProductDisclosureStatement,0.249411333,-0.040226748,-0.017622086,-0.137245994,-0.118489408,0.314414453,-0.578772748,0.052457945,0.12667166,0.092938831,-0.361579436,0.355803624,0.200961503,-0.358171478,0.163561499,0.126767921,0.063153943,0.238091527,-0.109433501,0.005499669,0.441510017,0.229090091,0.120910183,-0.069836797,-0.437917036,-0.147810386,0.020618411,0.434366084,0.361234179,0.019402471,0.46016782,-0.099578203,-0.604307264,0.533312154,-0.130567037,-0.631096398,0.612138987,0.175226183,0.090795432,0.256863587,0.828859659,0.047068004,-0.048333537,0.640109898,-0.632019961,-0.018629127,0.190341349,-0.012994794,-0.048110113,-0.668852383
ProductDisclosureStatement,0.232005923,-0.041933287,-0.012546813,-0.133288935,-0.519648993,0.68882125,-0.678415228,-0.189919024,0.2827583,-0.174389962,-0.476790283,0.436488512,0.212140984,-0.318730299,0.180746606,0.25617552,-0.143865162,0.227806509,-0.121493779,0.156269,0.369074232,0.318700934,-0.09528616,-0.007198477,-0.18369223,0.094700951,0.301593245,0.480886355,0.160328927,-0.079376864,0.613921086,-0.089637507,-0.428501259,0.631294665,-0.008566196,-0.422528792,0.537698234,-0.153748849,-0.004874919,0.246866206,0.530866369,-0.141516358,-0.094291256,0.758441906,-0.451711283,0.101444051,0.248461368,0.061512495,0.104657319,-0.590600953
ProductDisclosureStatement,0.220109555,-0.151933826,-0.144883331,-0.027877025,-0.314223891,0.359501177,-0.382014384,0.210396674,0.082636383,0.073070781,-0.534661374,0.331390138,0.203171351,-0.158615128,0.174896244,0.063382225,-0.15747385,0.163178194,-0.036114538,0.108039153,0.228670384,0.293625558,0.122096794,-0.139959239,-0.325208608,-0.144183808,0.02542841,0.493010211,0.272476635,-0.147717659,0.529230715,0.121098096,-0.435693932,0.768472604,-0.155052257,-0.525507219,0.446951323,-0.038213257,-0.071200736,0.272723379,0.765535725,0.072432268,-0.105217051,0.834691681,-0.389566764,0.181344709,0.099032442,-0.031598888,-0.01664346,-0.345292081
ProductDisclosureStatement,0.312819888,0.080537754,-0.093211201,0.090626335,-0.279083685,0.317932751,-0.440266789,-0.098999983,0.123402578,-0.010499641,-0.422945421,0.431740406,0.204211755,-0.221787479,0.152400052,0.063054307,-0.043903947,0.105553831,-0.051907001,-0.036140339,0.299956923,0.270368156,0.048975537,-0.11034982,-0.378427406,-0.156909382,0.036278149,0.300009702,0.276103984,0.038882035,0.515460967,0.039767118,-0.541926549,0.737781769,-0.026173779,-0.444066956,0.522540321,-0.050167862,8.93E-05,0.218617204,0.622590224,-0.089313851,-0.153825607,0.649199403,-0.358308839,-0.185657464,0.150081932,-0.197779084,-0.034659726,-0.560519142
ProductDisclosureStatement,0.168285957,0.022434931,-0.311292015,-0.083330066,-0.33273602,0.309181715,-0.519034972,-0.316852118,0.364087297,0.160995494,-0.47775133,0.569447657,0.534761365,-0.235270235,0.226515376,0.038603641,-0.177253329,0.421563468,-0.164909087,0.000194354,0.336547502,0.42000747,0.049284562,0.147196551,-0.217196135,-0.033563389,0.09401761,0.408689305,0.411022796,0.106954251,0.548356278,-0.005498885,-0.671036272,0.452464925,-0.050631602,-0.67217071,0.80313483,0.040374039,-0.157974803,0.231683717,0.562880969,0.067762228,-0.314792123,0.71396397,-0.472342645,0.024926142,0.477462768,-0.36836763,-0.00840763,-0.32698834
ProductDisclosureStatement,0.437498585,0.124150704,0.03277647,-0.013513735,-0.630393084,0.645299732,-0.78143388,-0.194924105,0.201484934,-0.152818428,-0.514695695,0.391258618,0.075137107,-0.346734746,0.271386384,0.387512494,-0.098769955,0.174355239,-0.20885813,0.106053676,0.294481444,0.28180704,0.160063197,-0.055247075,-0.264683406,0.144517583,0.189240793,0.574314837,0.12088666,0.014838231,0.537124637,-0.02683583,-0.500335758,0.77728872,0.105416321,-0.36816298,0.488314305,-0.212436373,-0.068233113,0.253642783,0.553106634,-0.131356394,-0.081215621,0.689142545,-0.425389956,0.01653172,0.038050517,-0.110146973,0.034940548,-0.488456082
ProductDisclosureStatement,0.312819888,0.080537754,-0.093211201,0.090626335,-0.279083685,0.317932751,-0.440266789,-0.098999983,0.123402578,-0.010499641,-0.422945421,0.431740406,0.204211755,-0.221787479,0.152400052,0.063054307,-0.043903947,0.105553831,-0.051907001,-0.036140339,0.299956923,0.270368156,0.048975537,-0.11034982,-0.378427406,-0.156909382,0.036278149,0.300009702,0.276103984,0.038882035,0.515460967,0.039767118,-0.541926549,0.737781769,-0.026173779,-0.444066956,0.522540321,-0.050167862,8.93E-05,0.218617204,0.622590224,-0.089313851,-0.153825607,0.649199403,-0.358308839,-0.185657464,0.150081932,-0.197779084,-0.034659726,-0.560519142
ProductDisclosureStatement,0.280490378,0.206216754,-0.099516578,0.081274287,-0.424723736,0.36246715,-0.668369593,0.02667332,0.057966416,0.190847132,-0.669711799,0.359590324,0.283260397,-0.309128144,0.365476521,-0.036456129,-0.188308371,0.166492841,-0.184105531,-0.160046655,0.309137837,0.244915413,0.137186602,-0.063646642,-0.403873586,-0.161131387,0.149153335,0.418514399,0.331793203,0.148400843,0.648650977,0.001208724,-0.569207975,0.690061907,-0.247342821,-0.645320497,0.451896518,0.056342728,-0.176055662,0.411640334,0.596391089,-0.120721944,-0.255809909,0.669690466,-0.747377374,0.003748211,0.26788942,-0.271200944,0.095649801,-0.529304993
ProductDisclosureStatement,0.442245464,0.094505079,-0.066703005,0.11677619,-0.541989254,0.508568318,-0.714254666,-0.158457484,0.115855782,-0.051997824,-0.417164981,0.416832088,0.116853961,-0.337586405,0.2515371,0.282671055,-0.111305078,0.140674504,-0.165098033,-0.046777998,0.306002496,0.312491585,0.196064644,-0.106500033,-0.283713554,0.067273778,0.163264589,0.541644238,0.154624564,0.079867037,0.464844983,-0.046090606,-0.525560907,0.631831271,-0.031456319,-0.357495047,0.554376614,-0.195551801,-0.12080612,0.339604403,0.59590264,-0.135266603,-0.126617283,0.768658812,-0.438863017,0.047580779,0.051856391,-0.20130655,-0.061025916,-0.500250349
ProductDisclosureStatement,0.251085536,0.056797137,-0.011956221,-0.016169397,-0.233282319,0.387013371,-0.375857558,0.04893998,0.038540559,-0.024191029,-0.449355819,0.19042702,0.153692645,-0.206255203,0.217506797,0.13343338,-0.070880074,0.244513807,-0.125423274,-0.026669086,0.236089971,0.189596176,-0.026190725,-0.01177248,-0.430919139,-0.138125467,0.007924467,0.317530643,0.217733976,0.068861319,0.44133483,-0.167173408,-0.313071054,0.569619239,-0.066417529,-0.464992498,0.489803462,-0.063124655,0.051390408,0.25538454,0.588936346,-0.11798408,-0.021342389,0.549344284,-0.462411751,-0.075432004,0.150692241,-0.176171206,0.093607504,-0.521985064
ProductDisclosureStatement,0.238335163,0.042734872,-0.060117778,-0.0014048,-0.286905183,0.376909803,-0.410850203,0.071296601,0.058026617,-0.042270644,-0.381099059,0.241558459,0.080872091,-0.193984324,0.239001613,0.050484303,0.014981124,0.175107798,-0.098506814,0.008739509,0.244007017,0.172595365,-0.002872689,-0.020459507,-0.395330929,-0.159954618,0.030808427,0.344591625,0.113993699,0.071069167,0.4418881,-0.171911835,-0.287026291,0.554085033,-0.110247736,-0.38881216,0.454081664,-0.049941711,0.021317646,0.199003008,0.6324606,-0.077316529,0.014909784,0.549986932,-0.444454706,-0.148705409,0.168946947,-0.213867711,0.040484152,-0.528505045
ProductDisclosureStatement,0.237802864,0.021071507,-0.038720754,-0.030147166,-0.345229939,0.332420506,-0.469299483,0.069672965,0.053216175,-0.061708643,-0.383317407,0.239235883,0.112244765,-0.200893111,0.276682018,0.016688082,-0.006809878,0.172731144,-0.082634333,0.025732213,0.230305747,0.197135209,-0.012998485,0.002557513,-0.390756883,-0.156291949,-0.02157243,0.371121248,0.145521915,0.054962451,0.467875728,-0.12828801,-0.308460344,0.572638626,-0.107977743,-0.438038355,0.484945957,-0.045946526,-0.027082715,0.197948836,0.572417584,-0.072865013,0.026734053,0.588183014,-0.465173671,-0.061456064,0.162927396,-0.233010557,-0.033162836,-0.543153666
ProductDisclosureStatement,0.15753506,0.055931349,-0.137946009,-0.045667313,-0.229795057,0.365257661,-0.399534063,0.13551918,0.035721495,-0.150678921,-0.513000344,0.241528266,0.11504188,-0.072531285,0.2027809,0.078995952,0.014137903,0.135959055,-0.145652656,0.011165426,0.324253652,0.296431391,0.068034963,-0.117916958,-0.502650451,-0.219364753,0.01494305,0.422672982,0.207053061,-0.001294002,0.484145575,-0.188360043,-0.338153278,0.558863151,-0.152643845,-0.435083656,0.513518964,0.05058533,0.062151196,0.322980651,0.746989522,-0.154184111,-0.029155832,0.550688115,-0.598046153,-0.004421838,0.111993199,-0.076658598,0.028936912,-0.58011862
ProductDisclosureStatement,0.287822785,0.027796279,-0.054156246,0.093705332,-0.338835105,0.247573625,-0.3562618,-0.034791084,0.045076289,-0.113935684,-0.340655877,0.278626574,0.12400039,-0.161326137,0.211413433,0.077590504,0.036399228,0.153671511,-0.082221504,0.023198089,0.256519189,0.312673812,0.138903364,-0.098682325,-0.390703334,-0.069199187,0.043788044,0.38790354,0.344016005,0.125582431,0.591546237,-0.008438386,-0.386881349,0.555861966,-0.182725757,-0.382060172,0.529172009,-0.087724989,-0.062101924,0.189201335,0.602111168,-0.079863884,-0.153784411,0.661723895,-0.424362471,-0.012502162,0.07739833,-0.317941603,-0.030104733,-0.53645572
ProductDisclosureStatement,0.272166468,0.089029401,0.035633717,0.099431985,-0.283866393,0.317076621,-0.424182317,-0.071150776,0.014411952,-0.015871692,-0.446392238,0.33270323,0.131068032,-0.259572651,0.219670792,0.052359816,-0.040447473,0.29534389,-0.079804341,-0.110427141,0.233674098,0.270845998,0.098152509,0.044111046,-0.300169107,-0.083657519,0.056788454,0.326474849,0.250708964,0.073488681,0.461792938,-0.007311865,-0.481523843,0.607087477,-0.115315346,-0.44231825,0.53929556,-0.182835289,-0.079402948,0.278233926,0.548682793,-0.082351066,-0.111770853,0.634080036,-0.447374141,-0.053681411,0.078944939,-0.276337914,0.011845082,-0.464558541
ProductDisclosureStatement,0,0,0,0,0,0,0,0,0,0,0,0,0,0,0,0,0,0,0,0,0,0,0,0,0,0,0,0,0,0,0,0,0,0,0,0,0,0,0,0,0,0,0,0,0,0,0,0,0,0
ProductDisclosureStatement,0.312819888,0.080537754,-0.093211201,0.090626335,-0.279083685,0.317932751,-0.440266789,-0.098999983,0.123402578,-0.010499641,-0.422945421,0.431740406,0.204211755,-0.221787479,0.152400052,0.063054307,-0.043903947,0.105553831,-0.051907001,-0.036140339,0.299956923,0.270368156,0.048975537,-0.11034982,-0.378427406,-0.156909382,0.036278149,0.300009702,0.276103984,0.038882035,0.515460967,0.039767118,-0.541926549,0.737781769,-0.026173779,-0.444066956,0.522540321,-0.050167862,8.93E-05,0.218617204,0.622590224,-0.089313851,-0.153825607,0.649199403,-0.358308839,-0.185657464,0.150081932,-0.197779084,-0.034659726,-0.560519142
ProductDisclosureStatement,0.398078844,-0.142031452,0.060542313,0.151484104,-0.524403932,0.316870196,-0.436564768,-0.096792749,0.45671135,-0.110709651,-0.516012789,0.621010876,-0.064637603,-0.206021243,0.151661995,0.413554483,0.123782331,0.334247226,-0.243561958,0.101678647,0.405939719,0.232242314,0.243191877,0.135077407,-0.439360963,-0.010498555,0.095917632,0.246980168,0.118965866,0.297858987,0.651060844,0.079491629,-0.76568175,0.558023231,-0.121088543,-0.368562506,0.267142342,-0.249336488,-0.222959157,0.381083112,0.672607936,0.005548153,-0.391353305,0.630398514,-0.25925719,0.197891755,0.002551588,-0.129341913,-0.157802821,-0.634188507
FormADV,0.116173926,-0.051682366,-0.09747061,0.111118317,-0.091628218,0.136276836,-0.344190801,-0.02773757,0.135690636,0.004840478,-0.367238164,0.294641776,0.166044446,-0.18207074,0.087944455,0.312052208,-0.075960385,0.237753766,-0.038295509,0.023104386,0.213839162,0.360682771,-0.030705782,-0.075427056,-0.257570037,-0.013130082,0.025314504,0.153648014,0.15183032,0.065974304,0.228213925,0.038010736,-0.30033753,0.430892817,-0.051832258,-0.254402588,0.436831967,-0.162925905,-0.149110012,0.324051404,0.394711365,-0.026121058,-0.143810637,0.423052339,-0.206046218,0.271221646,0.097725948,-0.307289149,-0.029684743,-0.205301502
FormADV,0.131395423,-0.029133414,-0.097013177,0.137859144,-0.063249546,0.116443928,-0.386456555,-0.054873104,0.140072377,-0.028430763,-0.30281447,0.302650039,0.125170929,-0.147714625,0.058127771,0.278239224,-0.05658717,0.252377306,-0.014621372,-0.000178526,0.217917834,0.40083525,0.019836762,-0.053829625,-0.275637145,-0.066308706,0.01637664,0.194159403,0.130172013,0.043236845,0.196464034,0.032318404,-0.302305196,0.436825943,-0.016129802,-0.256040189,0.355525517,-0.136116599,-0.143013224,0.324711566,0.418635937,-0.017674791,-0.081838071,0.406021718,-0.227137168,0.253321259,0.07348896,-0.299745165,-0.018500541,-0.208724917
FormADV,0.127337117,-0.026079694,-0.092851009,0.138159438,-0.075990638,0.118947334,-0.386901513,-0.051382542,0.132272719,-0.016456661,-0.313184466,0.307861925,0.130504147,-0.146658849,0.064650044,0.282437609,-0.046403064,0.252540801,-0.011842574,0.003432912,0.2113501,0.392516215,0.01342979,-0.046120305,-0.278454356,-0.049145888,0.028420707,0.194207839,0.130686857,0.043388896,0.193635744,0.039923228,-0.295285189,0.439667826,-0.009983322,-0.254696859,0.360554501,-0.142469105,-0.129933252,0.323081967,0.423544254,-0.013569128,-0.101650199,0.400099206,-0.21957157,0.246169384,0.088831469,-0.303180998,-0.012090644,-0.201814748
FormADV,0.127945806,-0.026490768,-0.09709461,0.127112495,-0.082931388,0.127292485,-0.383192881,-0.067738358,0.132348169,-0.010037623,-0.308517333,0.310865335,0.125423341,-0.151820235,0.05941039,0.278764822,-0.054717864,0.257426532,-0.029985665,0.001512888,0.214414544,0.383043771,0.010490833,-0.044871017,-0.266630604,-0.048698371,0.031466598,0.186614875,0.134061875,0.045926385,0.203086361,0.047137422,-0.304718745,0.445871633,-0.002479538,-0.250307051,0.370646937,-0.155538583,-0.123858134,0.321094868,0.416007483,-0.007972583,-0.123364754,0.405091887,-0.212296042,0.244023588,0.097072124,-0.304854722,-0.027355259,-0.195829577
FormADV,0.126048053,-0.040419358,-0.101251011,0.109977752,-0.090036205,0.133036913,-0.391915312,-0.079282814,0.137310874,0.015247677,-0.306500632,0.304059522,0.145708,-0.174849606,0.059648369,0.307737237,-0.061419163,0.257128987,-0.031485627,0.017902756,0.209685662,0.374434032,-0.009806658,-0.049188503,-0.258944704,-0.042352489,0.038355826,0.162360325,0.147503424,0.050493504,0.214880377,0.036881806,-0.300192246,0.447183677,-0.000779497,-0.248833601,0.408142577,-0.150667502,-0.114522212,0.319534993,0.413993572,-0.003825197,-0.132121903,0.412040746,-0.229243077,0.237632471,0.083785711,-0.298287485,-0.021484866,-0.186041253
FormADV,0.129139577,-0.040719715,-0.099076328,0.119835493,-0.087747761,0.130114743,-0.382767757,-0.073921227,0.132444587,0.001772229,-0.319700386,0.307305141,0.131135162,-0.164758133,0.055331836,0.289034022,-0.060599092,0.259156996,-0.037392582,0.011124491,0.218802928,0.381276735,0.001347199,-0.049087679,-0.264292718,-0.052960043,0.035961374,0.182686875,0.149958236,0.049485939,0.220740484,0.044027084,-0.303904222,0.452152164,-0.008247185,-0.255303797,0.393100865,-0.170063793,-0.127776754,0.32796345,0.401470324,0.004521256,-0.141004566,0.414545083,-0.217364916,0.249437066,0.08565627,-0.304432189,-0.030528751,-0.180818343
FormADV,0.126048053,-0.040419358,-0.101251011,0.109977752,-0.090036205,0.133036913,-0.391915312,-0.079282814,0.137310874,0.015247677,-0.306500632,0.304059522,0.145708,-0.174849606,0.059648369,0.307737237,-0.061419163,0.257128987,-0.031485627,0.017902756,0.209685662,0.374434032,-0.009806658,-0.049188503,-0.258944704,-0.042352489,0.038355826,0.162360325,0.147503424,0.050493504,0.214880377,0.036881806,-0.300192246,0.447183677,-0.000779497,-0.248833601,0.408142577,-0.150667502,-0.114522212,0.319534993,0.413993572,-0.003825197,-0.132121903,0.412040746,-0.229243077,0.237632471,0.083785711,-0.298287485,-0.021484866,-0.186041253
FormADV,0.126048053,-0.040419358,-0.101251011,0.109977752,-0.090036205,0.133036913,-0.391915312,-0.079282814,0.137310874,0.015247677,-0.306500632,0.304059522,0.145708,-0.174849606,0.059648369,0.307737237,-0.061419163,0.257128987,-0.031485627,0.017902756,0.209685662,0.374434032,-0.009806658,-0.049188503,-0.258944704,-0.042352489,0.038355826,0.162360325,0.147503424,0.050493504,0.214880377,0.036881806,-0.300192246,0.447183677,-0.000779497,-0.248833601,0.408142577,-0.150667502,-0.114522212,0.319534993,0.413993572,-0.003825197,-0.132121903,0.412040746,-0.229243077,0.237632471,0.083785711,-0.298287485,-0.021484866,-0.186041253
FormADV,0.126048053,-0.040419358,-0.101251011,0.109977752,-0.090036205,0.133036913,-0.391915312,-0.079282814,0.137310874,0.015247677,-0.306500632,0.304059522,0.145708,-0.174849606,0.059648369,0.307737237,-0.061419163,0.257128987,-0.031485627,0.017902756,0.209685662,0.374434032,-0.009806658,-0.049188503,-0.258944704,-0.042352489,0.038355826,0.162360325,0.147503424,0.050493504,0.214880377,0.036881806,-0.300192246,0.447183677,-0.000779497,-0.248833601,0.408142577,-0.150667502,-0.114522212,0.319534993,0.413993572,-0.003825197,-0.132121903,0.412040746,-0.229243077,0.237632471,0.083785711,-0.298287485,-0.021484866,-0.186041253
FormADV,0.131942512,-0.029497298,-0.101258232,0.126620297,-0.070541758,0.124982804,-0.382689643,-0.071458657,0.140009895,-0.021683276,-0.298249175,0.305800151,0.120094631,-0.152949325,0.052911021,0.274575822,-0.064868589,0.257353202,-0.033038825,-0.002068346,0.220919719,0.3910451,0.016730913,-0.052420362,-0.263652562,-0.065546719,0.019691994,0.186431715,0.133616493,0.045822362,0.206032906,0.039797223,-0.311781851,0.443191279,-0.008382263,-0.251548003,0.365887978,-0.149532898,-0.136596051,0.322659883,0.41105223,-0.011904993,-0.104294175,0.410997795,-0.219596621,0.251009433,0.082150742,-0.301510131,-0.033923276,-0.202509472
FormADV,0.131395423,-0.029133414,-0.097013177,0.137859144,-0.063249546,0.116443928,-0.386456555,-0.054873104,0.140072377,-0.028430763,-0.30281447,0.302650039,0.125170929,-0.147714625,0.058127771,0.278239224,-0.05658717,0.252377306,-0.014621372,-0.000178526,0.217917834,0.40083525,0.019836762,-0.053829625,-0.275637145,-0.066308706,0.01637664,0.194159403,0.130172013,0.043236845,0.196464034,0.032318404,-0.302305196,0.436825943,-0.016129802,-0.256040189,0.355525517,-0.136116599,-0.143013224,0.324711566,0.418635937,-0.017674791,-0.081838071,0.406021718,-0.227137168,0.253321259,0.07348896,-0.299745165,-0.018500541,-0.208724917
FormADV,0.127945806,-0.026490768,-0.09709461,0.127112495,-0.082931388,0.127292485,-0.383192881,-0.067738358,0.132348169,-0.010037623,-0.308517333,0.310865335,0.125423341,-0.151820235,0.05941039,0.278764822,-0.054717864,0.257426532,-0.029985665,0.001512888,0.214414544,0.383043771,0.010490833,-0.044871017,-0.266630604,-0.048698371,0.031466598,0.186614875,0.134061875,0.045926385,0.203086361,0.047137422,-0.304718745,0.445871633,-0.002479538,-0.250307051,0.370646937,-0.155538583,-0.123858134,0.321094868,0.416007483,-0.007972583,-0.123364754,0.405091887,-0.212296042,0.244023588,0.097072124,-0.304854722,-0.027355259,-0.195829577
FormADV,0.131395423,-0.029133414,-0.097013177,0.137859144,-0.063249546,0.116443928,-0.386456555,-0.054873104,0.140072377,-0.028430763,-0.30281447,0.302650039,0.125170929,-0.147714625,0.058127771,0.278239224,-0.05658717,0.252377306,-0.014621372,-0.000178526,0.217917834,0.40083525,0.019836762,-0.053829625,-0.275637145,-0.066308706,0.01637664,0.194159403,0.130172013,0.043236845,0.196464034,0.032318404,-0.302305196,0.436825943,-0.016129802,-0.256040189,0.355525517,-0.136116599,-0.143013224,0.324711566,0.418635937,-0.017674791,-0.081838071,0.406021718,-0.227137168,0.253321259,0.07348896,-0.299745165,-0.018500541,-0.208724917
FormADV,0.126048053,-0.040419358,-0.101251011,0.109977752,-0.090036205,0.133036913,-0.391915312,-0.079282814,0.137310874,0.015247677,-0.306500632,0.304059522,0.145708,-0.174849606,0.059648369,0.307737237,-0.061419163,0.257128987,-0.031485627,0.017902756,0.209685662,0.374434032,-0.009806658,-0.049188503,-0.258944704,-0.042352489,0.038355826,0.162360325,0.147503424,0.050493504,0.214880377,0.036881806,-0.300192246,0.447183677,-0.000779497,-0.248833601,0.408142577,-0.150667502,-0.114522212,0.319534993,0.413993572,-0.003825197,-0.132121903,0.412040746,-0.229243077,0.237632471,0.083785711,-0.298287485,-0.021484866,-0.186041253
FormADV,0.131395423,-0.029133414,-0.097013177,0.137859144,-0.063249546,0.116443928,-0.386456555,-0.054873104,0.140072377,-0.028430763,-0.30281447,0.302650039,0.125170929,-0.147714625,0.058127771,0.278239224,-0.05658717,0.252377306,-0.014621372,-0.000178526,0.217917834,0.40083525,0.019836762,-0.053829625,-0.275637145,-0.066308706,0.01637664,0.194159403,0.130172013,0.043236845,0.196464034,0.032318404,-0.302305196,0.436825943,-0.016129802,-0.256040189,0.355525517,-0.136116599,-0.143013224,0.324711566,0.418635937,-0.017674791,-0.081838071,0.406021718,-0.227137168,0.253321259,0.07348896,-0.299745165,-0.018500541,-0.208724917
FormADV,0.126048053,-0.040419358,-0.101251011,0.109977752,-0.090036205,0.133036913,-0.391915312,-0.079282814,0.137310874,0.015247677,-0.306500632,0.304059522,0.145708,-0.174849606,0.059648369,0.307737237,-0.061419163,0.257128987,-0.031485627,0.017902756,0.209685662,0.374434032,-0.009806658,-0.049188503,-0.258944704,-0.042352489,0.038355826,0.162360325,0.147503424,0.050493504,0.214880377,0.036881806,-0.300192246,0.447183677,-0.000779497,-0.248833601,0.408142577,-0.150667502,-0.114522212,0.319534993,0.413993572,-0.003825197,-0.132121903,0.412040746,-0.229243077,0.237632471,0.083785711,-0.298287485,-0.021484866,-0.186041253
FormADV,0.126048053,-0.040419358,-0.101251011,0.109977752,-0.090036205,0.133036913,-0.391915312,-0.079282814,0.137310874,0.015247677,-0.306500632,0.304059522,0.145708,-0.174849606,0.059648369,0.307737237,-0.061419163,0.257128987,-0.031485627,0.017902756,0.209685662,0.374434032,-0.009806658,-0.049188503,-0.258944704,-0.042352489,0.038355826,0.162360325,0.147503424,0.050493504,0.214880377,0.036881806,-0.300192246,0.447183677,-0.000779497,-0.248833601,0.408142577,-0.150667502,-0.114522212,0.319534993,0.413993572,-0.003825197,-0.132121903,0.412040746,-0.229243077,0.237632471,0.083785711,-0.298287485,-0.021484866,-0.186041253
FormADV,0.127337117,-0.026079694,-0.092851009,0.138159438,-0.075990638,0.118947334,-0.386901513,-0.051382542,0.132272719,-0.016456661,-0.313184466,0.307861925,0.130504147,-0.146658849,0.064650044,0.282437609,-0.046403064,0.252540801,-0.011842574,0.003432912,0.2113501,0.392516215,0.01342979,-0.046120305,-0.278454356,-0.049145888,0.028420707,0.194207839,0.130686857,0.043388896,0.193635744,0.039923228,-0.295285189,0.439667826,-0.009983322,-0.254696859,0.360554501,-0.142469105,-0.129933252,0.323081967,0.423544254,-0.013569128,-0.101650199,0.400099206,-0.21957157,0.246169384,0.088831469,-0.303180998,-0.012090644,-0.201814748
TrustDeed,0.407840807,-0.035794627,-0.184954783,0.176419801,-0.161342983,0.326796309,-0.685247564,0.002893338,0.335643139,0.169495511,-1.057469863,0.35547454,0.386592327,-0.255860938,0.302945441,0.344354827,-0.415657655,0.402895432,-0.090579395,-0.065321502,0.099276866,0.318718519,0.343421178,0.100544985,-0.143964829,-0.077546657,0.387954938,0.26531523,0.14608301,0.331503795,0.765285444,0.120094247,-1.094799537,0.4724013,-0.215308078,-0.751831835,0.737506405,-0.011790548,-0.490157544,0.713238478,0.522341847,-0.088898889,-0.268389706,0.853724478,-0.316982875,0.39322743,0.211449086,-0.48462076,-0.02687035,-0.408034724
TrustDeed,0,0,0,0,0,0,0,0,0,0,0,0,0,0,0,0,0,0,0,0,0,0,0,0,0,0,0,0,0,0,0,0,0,0,0,0,0,0,0,0,0,0,0,0,0,0,0,0,0,0
TrustDeed,0,0,0,0,0,0,0,0,0,0,0,0,0,0,0,0,0,0,0,0,0,0,0,0,0,0,0,0,0,0,0,0,0,0,0,0,0,0,0,0,0,0,0,0,0,0,0,0,0,0
TrustDeed,0,0,0,0,0,0,0,0,0,0,0,0,0,0,0,0,0,0,0,0,0,0,0,0,0,0,0,0,0,0,0,0,0,0,0,0,0,0,0,0,0,0,0,0,0,0,0,0,0,0
TrustDeed,0,0,0,0,0,0,0,0,0,0,0,0,0,0,0,0,0,0,0,0,0,0,0,0,0,0,0,0,0,0,0,0,0,0,0,0,0,0,0,0,0,0,0,0,0,0,0,0,0,0
TrustDeed,0.919252975,-0.344239295,-0.490528475,0.389939996,-0.152457966,0.327118196,-1.137270458,-0.258182732,0.766820378,-0.399580689,0.019319989,0.268091836,-0.025237593,0.172391082,0.558287105,0.657438918,-0.378054272,0.341878132,0.189091041,0.086936789,-0.338999128,-0.534301233,-0.414018191,0.805827816,-0.085358646,0.604082651,0.387251076,-0.327175516,0.266862684,0.852016154,0.189021303,-0.07571072,-0.544801759,-0.291157186,0.359048381,-0.210472978,0.688325355,-0.750262576,-0.689729381,0.594255773,0.945407997,-0.28332006,-0.181569958,0.402042442,-0.220993137,0.330738578,0.266310108,-0.250644631,0.16427658,-0.213440412
TrustDeed,0,0,0,0,0,0,0,0,0,0,0,0,0,0,0,0,0,0,0,0,0,0,0,0,0,0,0,0,0,0,0,0,0,0,0,0,0,0,0,0,0,0,0,0,0,0,0,0,0,0
TrustDeed,0,0,0,0,0,0,0,0,0,0,0,0,0,0,0,0,0,0,0,0,0,0,0,0,0,0,0,0,0,0,0,0,0,0,0,0,0,0,0,0,0,0,0,0,0,0,0,0,0,0
TrustDeed,0,0,0,0,0,0,0,0,0,0,0,0,0,0,0,0,0,0,0,0,0,0,0,0,0,0,0,0,0,0,0,0,0,0,0,0,0,0,0,0,0,0,0,0,0,0,0,0,0,0
TrustDeed,0,0,0,0,0,0,0,0,0,0,0,0,0,0,0,0,0,0,0,0,0,0,0,0,0,0,0,0,0,0,0,0,0,0,0,0,0,0,0,0,0,0,0,0,0,0,0,0,0,0
TrustDeed,0,0,0,0,0,0,0,0,0,0,0,0,0,0,0,0,0,0,0,0,0,0,0,0,0,0,0,0,0,0,0,0,0,0,0,0,0,0,0,0,0,0,0,0,0,0,0,0,0,0
TrustDeed,0,0,0,0,0,0,0,0,0,0,0,0,0,0,0,0,0,0,0,0,0,0,0,0,0,0,0,0,0,0,0,0,0,0,0,0,0,0,0,0,0,0,0,0,0,0,0,0,0,0
TrustDeed,0,0,0,0,0,0,0,0,0,0,0,0,0,0,0,0,0,0,0,0,0,0,0,0,0,0,0,0,0,0,0,0,0,0,0,0,0,0,0,0,0,0,0,0,0,0,0,0,0,0
TrustDeed,0.393463946,-0.367644585,-0.182959001,0.23095309,-0.45301261,0.69433443,-0.769047791,-0.111455696,0.622847787,-0.269284664,-0.662803797,0.941408274,0.027235947,-0.156653488,0.330247729,-0.003963215,-0.008211869,0.418337776,0.120641509,-0.001821677,0.310211822,0.108102102,-0.217130179,0.294130215,-0.501420803,0.332081423,0.527236853,0.048726296,0.109279387,0.126157814,0.684657433,-0.130052893,-0.72659888,0.47744671,0.119332497,-0.512957213,0.365082064,-0.263475511,-0.441646784,0.739524014,0.785634017,-0.257251144,-0.292859511,0.929720278,0.0398311,0.550341109,0.106323997,-0.317092718,-0.028656554,-0.513841438
TrustDeed,0,0,0,0,0,0,0,0,0,0,0,0,0,0,0,0,0,0,0,0,0,0,0,0,0,0,0,0,0,0,0,0,0,0,0,0,0,0,0,0,0,0,0,0,0,0,0,0,0,0
TrustDeed,0,0,0,0,0,0,0,0,0,0,0,0,0,0,0,0,0,0,0,0,0,0,0,0,0,0,0,0,0,0,0,0,0,0,0,0,0,0,0,0,0,0,0,0,0,0,0,0,0,0
TrustDeed,0,0,0,0,0,0,0,0,0,0,0,0,0,0,0,0,0,0,0,0,0,0,0,0,0,0,0,0,0,0,0,0,0,0,0,0,0,0,0,0,0,0,0,0,0,0,0,0,0,0
TrustDeed,0,0,0,0,0,0,0,0,0,0,0,0,0,0,0,0,0,0,0,0,0,0,0,0,0,0,0,0,0,0,0,0,0,0,0,0,0,0,0,0,0,0,0,0,0,0,0,0,0,0
TrustDeed,0,0,0,0,0,0,0,0,0,0,0,0,0,0,0,0,0,0,0,0,0,0,0,0,0,0,0,0,0,0,0,0,0,0,0,0,0,0,0,0,0,0,0,0,0,0,0,0,0,0
TrustDeed,0.367918622,0.039686165,-0.22923366,-0.071870025,-0.38878221,0.346339055,-0.901515372,-0.184737885,0.650890376,0.2381561,-0.939051755,0.327057448,0.337975292,-0.345644407,0.300446494,0.142058345,-0.453264406,0.40734129,-0.049653658,-0.098968354,0.459141618,0.389254987,0.354456248,0.176978042,-0.287738005,0.249050586,0.201988709,0.304931904,0.113919292,0.506163323,0.959605463,0.087414269,-0.434032634,0.675550669,-0.185085676,-0.772482884,0.615705368,-0.090904183,-0.31333408,0.579009951,0.336846002,0.078910203,-0.339725017,0.780137319,-0.431298707,0.37606985,0.349149085,-0.331122291,0.040710989,-0.462647118
TrustDeed,0,0,0,0,0,0,0,0,0,0,0,0,0,0,0,0,0,0,0,0,0,0,0,0,0,0,0,0,0,0,0,0,0,0,0,0,0,0,0,0,0,0,0,0,0,0,0,0,0,0
TrustDeed,0,0,0,0,0,0,0,0,0,0,0,0,0,0,0,0,0,0,0,0,0,0,0,0,0,0,0,0,0,0,0,0,0,0,0,0,0,0,0,0,0,0,0,0,0,0,0,0,0,0
TrustDeed,0,0,0,0,0,0,0,0,0,0,0,0,0,0,0,0,0,0,0,0,0,0,0,0,0,0,0,0,0,0,0,0,0,0,0,0,0,0,0,0,0,0,0,0,0,0,0,0,0,0
TrustDeed,0,0,0,0,0,0,0,0,0,0,0,0,0,0,0,0,0,0,0,0,0,0,0,0,0,0,0,0,0,0,0,0,0,0,0,0,0,0,0,0,0,0,0,0,0,0,0,0,0,0
TrustDeed,0,0,0,0,0,0,0,0,0,0,0,0,0,0,0,0,0,0,0,0,0,0,0,0,0,0,0,0,0,0,0,0,0,0,0,0,0,0,0,0,0,0,0,0,0,0,0,0,0,0
Prospectus,0.376814979,-0.121041476,-0.188623337,0.402546209,-0.302043442,0.319666418,-0.547355438,0.075841665,0.227440507,0.172623539,-0.527191943,0.386018045,0.12821766,-0.276628832,0.467393143,-0.136295072,0.076774993,0.135515169,0.191192911,0.123624663,0.187393392,0.214013978,0.451781692,0.01303669,-0.173383459,-0.177404792,0.268936695,0.252106412,0.339909014,0.336538469,0.67300458,-0.092446877,-0.764735376,0.353355659,-0.489171764,-0.556531931,0.580929354,0.024023112,-0.411204116,0.640007636,0.754516397,-0.234886121,-0.011472313,0.940251107,-0.509701724,0.322495794,0.298317783,-0.404475629,0.078811873,-0.795126402
Prospectus,0,0,0,0,0,0,0,0,0,0,0,0,0,0,0,0,0,0,0,0,0,0,0,0,0,0,0,0,0,0,0,0,0,0,0,0,0,0,0,0,0,0,0,0,0,0,0,0,0,0
Prospectus,0.132113574,0.043786269,-0.258083544,-0.175254218,-0.479933776,0.507722311,-0.665781577,-0.211216956,0.530773699,0.007376309,-0.574004442,0.425686633,0.26314719,-0.139674976,0.351225711,0.472419232,-0.485633826,0.19177725,-0.425461938,0.103821514,0.234977043,0.144705134,-0.085063197,0.460374697,-0.244653252,0.111292903,0.066505503,0.287882909,0.057604949,0.39465599,0.665656631,0.029477813,-0.86043728,0.741142187,0.338844614,-0.402134619,0.719964659,-0.44841812,-0.008522326,0.2413687,0.437458156,-0.184888749,-0.397871057,0.579506086,-0.557146531,-0.02968844,0.175401872,-0.215969039,-0.025027691,-0.362432765
Prospectus,0.164230841,-0.01133468,-0.048005633,0.25967944,-0.188837817,0.400064657,-0.554991567,-0.144295204,0.173445819,0.347161708,-0.487557295,0.484867921,0.255486961,-0.191650592,0.432139026,0.294343599,-0.183983259,0.479724769,-0.263505341,-0.030236163,0.382416121,0.183629305,0.04018692,0.402222967,-0.316503542,-0.063185232,0.218958639,-0.08263695,0.025955435,0.290802758,0.57737316,-0.101647796,-0.915465038,0.79136872,0.172547567,-0.856268804,0.516671072,-0.321132293,0.328974825,-0.007397258,0.663453997,-0.332198474,-0.197737929,0.648294744,-0.398221965,0.02405533,0.137012342,-0.274319449,0.223305058,-0.725190346
Prospectus,0.208965427,0.191619567,-0.03394645,-0.095187055,-0.171869758,0.279449165,-0.487349265,-0.016951077,0.157212467,-0.035062614,-0.636086051,0.276881271,0.238607975,-0.247829525,0.50770431,0.184953381,-0.072873093,0.317029932,-0.090269373,0.032244673,0.008345319,0.142440524,-0.009988599,0.142464467,-0.270891181,-0.007494761,0.142247654,0.195394585,0.227212631,0.185587785,0.561758805,0.02542457,-0.438859467,0.533842345,0.020634004,-0.582205158,0.584104688,-0.073681816,-0.065755299,0.48721987,0.355766908,-0.02982528,-0.291296248,0.587754135,-0.384063261,0.006619181,0.418007336,-0.218469838,0.169987096,-0.482693697
Prospectus,0.327878076,-0.157277154,0.16722361,0.051022499,-0.201572362,0.24472954,-0.671158432,-0.185884971,0.362106676,-0.212206685,-1.004246296,0.637858684,0.309270458,-0.317690642,0.26589785,0.530947653,-0.207548618,0.284884112,-0.24764753,-0.035590029,0.583713417,0.63067641,0.361537667,0.073936304,-0.132412654,0.672744303,-0.120888932,0.628242092,0.373112303,0.26320708,0.485951256,-0.239981473,-0.360294003,0.584392944,-0.45338043,-0.796311447,0.699379595,-0.105413821,-0.146539356,0.126891618,0.583464481,0.041921064,-0.294223576,0.96391702,-0.240601332,0.244688834,0.334959522,0.0767371,0.116878377,-0.729097871
Prospectus,0.383887758,-0.084981942,-0.062233104,0.167017866,-0.453556962,0.228997509,-0.356381831,0.032179102,0.056682262,-0.048633789,-0.483418022,0.573930638,0.187942756,-0.276870897,0.435953045,0.066719965,-0.138988641,0.245897064,0.075819615,-0.182960494,0.23601111,0.297043953,0.269744044,0.125413208,-0.174083169,-0.12732544,0.264390799,0.19474406,0.311439465,0.384860344,0.608118931,0.029275473,-0.632317376,0.366266211,-0.214363492,-0.683607836,0.673124815,-0.19816093,-0.320563719,0.379511387,0.549731214,-0.30406522,-0.122324781,0.75198303,-0.519580244,0.147603191,0.240172286,-0.423696032,0.168483824,-0.659318636
Prospectus,0.219651594,-0.18774612,-0.031359422,0.354224886,-0.551396434,0.374651192,-0.737102626,0.143676116,0.687455863,0.135671965,-0.587606351,0.547290708,0.249703933,-0.432557451,0.18738932,0.306706445,-0.403504521,0.587914519,-0.241958058,-0.140661231,-0.068695616,0.322115985,0.255841104,0.165716207,-0.352592498,0.172412252,0.421214112,0.190830562,0.561194459,0.189202576,0.836034913,0.41310391,-0.781774172,0.416740716,0.082724776,-0.74545957,0.485847003,-0.686383762,-0.029600305,0.633687561,0.73206276,-0.508526892,-0.230811231,0.499955239,-0.131784579,0.179950807,-0.139048344,-0.411785691,-0.20843236,-0.384220516
Prospectus,0.111880543,0.089222352,0.02830569,-0.134172253,-0.175412608,0.385696959,-0.646582969,0.16155474,0.434233792,0.089438391,-0.974519867,0.228896583,0.253715155,-0.162977192,0.481067539,0.428778581,-0.274910674,0.187143165,-0.088171822,0.170421291,0.251238419,0.26558693,-0.094049797,0.146544777,-0.365269353,0.120745478,0.130417946,0.186498829,0.133377012,0.188336689,0.649903946,-0.067626213,-0.551927131,0.575227761,-0.016230891,-0.858032546,0.570571119,-0.017457118,-0.043601208,0.571463,0.318850803,-0.159884259,-0.22405157,0.671043551,-0.566209465,0.050827887,0.197071807,-0.049302805,0.200343962,-0.452303194
Prospectus,0.124350003,0.164412452,0.009928993,-0.019954945,-0.214943955,0.367256793,-0.517664051,0.082649626,0.168975888,0.030608133,-0.770733793,0.362624829,0.407925056,-0.376220625,0.336283467,0.106788595,-0.330824939,0.209971876,-0.109596435,0.061534508,0.095374957,0.22226024,0.116687452,0.074101499,-0.305462063,-0.001544162,0.203993403,0.381988424,0.258752388,0.105701258,0.523160602,0.130319007,-0.598615173,0.555478063,-0.024419286,-0.768691507,0.54010585,0.02037806,-0.031286493,0.542087561,0.443752153,-0.068275072,-0.200705643,0.63012364,-0.679884445,0.050904212,0.235776586,-0.287331708,0.100458569,-0.456598548
Prospectus,0.219651594,-0.18774612,-0.031359422,0.354224886,-0.551396434,0.374651192,-0.737102626,0.143676116,0.687455863,0.135671965,-0.587606351,0.547290708,0.249703933,-0.432557451,0.18738932,0.306706445,-0.403504521,0.587914519,-0.241958058,-0.140661231,-0.068695616,0.322115985,0.255841104,0.165716207,-0.352592498,0.172412252,0.421214112,0.190830562,0.561194459,0.189202576,0.836034913,0.41310391,-0.781774172,0.416740716,0.082724776,-0.74545957,0.485847003,-0.686383762,-0.029600305,0.633687561,0.73206276,-0.508526892,-0.230811231,0.499955239,-0.131784579,0.179950807,-0.139048344,-0.411785691,-0.20843236,-0.384220516
Prospectus,0.219651594,-0.18774612,-0.031359422,0.354224886,-0.551396434,0.374651192,-0.737102626,0.143676116,0.687455863,0.135671965,-0.587606351,0.547290708,0.249703933,-0.432557451,0.18738932,0.306706445,-0.403504521,0.587914519,-0.241958058,-0.140661231,-0.068695616,0.322115985,0.255841104,0.165716207,-0.352592498,0.172412252,0.421214112,0.190830562,0.561194459,0.189202576,0.836034913,0.41310391,-0.781774172,0.416740716,0.082724776,-0.74545957,0.485847003,-0.686383762,-0.029600305,0.633687561,0.73206276,-0.508526892,-0.230811231,0.499955239,-0.131784579,0.179950807,-0.139048344,-0.411785691,-0.20843236,-0.384220516
Prospectus,0.327878076,-0.157277154,0.16722361,0.051022499,-0.201572362,0.24472954,-0.671158432,-0.185884971,0.362106676,-0.212206685,-1.004246296,0.637858684,0.309270458,-0.317690642,0.26589785,0.530947653,-0.207548618,0.284884112,-0.24764753,-0.035590029,0.583713417,0.63067641,0.361537667,0.073936304,-0.132412654,0.672744303,-0.120888932,0.628242092,0.373112303,0.26320708,0.485951256,-0.239981473,-0.360294003,0.584392944,-0.45338043,-0.796311447,0.699379595,-0.105413821,-0.146539356,0.126891618,0.583464481,0.041921064,-0.294223576,0.96391702,-0.240601332,0.244688834,0.334959522,0.0767371,0.116878377,-0.729097871
Prospectus,0.023911958,0.103787616,-0.142151513,-0.190959875,-0.163454744,0.625974214,-0.703540631,0.109757995,0.299443756,-0.06309762,-0.786575318,0.471527836,0.527477759,-0.401336023,0.395557253,0.235297385,-0.297853089,0.19866205,-0.170513546,0.300251032,0.292477974,0.325031609,-0.208259673,0.347558235,-0.30240951,0.134816908,0.11347551,0.160219808,0.199472063,0.296681182,0.623789393,-0.10384403,-0.701266993,0.826747453,0.374209429,-0.515318492,0.849520104,-0.309301625,0.214219005,0.180580089,0.5060059,-0.210455423,-0.310449674,0.537143568,-0.380723543,0.030150959,0.299752011,-0.280204509,-0.017179531,-0.113585898
Prospectus,0.214169697,-0.092042137,-0.070032142,0.002162943,-0.401753216,0.335156144,-0.458351734,-0.025194722,-0.023863126,0.086816986,-0.701037611,0.633194522,0.186796403,-0.417084813,0.321839274,-0.047404656,-0.342569778,0.319911734,-0.065641988,-0.128172031,0.04076299,0.109131474,0.266500242,0.269296011,-0.082384832,-0.091779529,0.196727922,0.189504596,0.127961884,0.429514554,0.766326234,0.062726637,-0.619163481,0.548514957,0.001804134,-0.707202388,0.601090123,-0.156522397,-0.139190564,0.505289538,0.350659331,-0.196057056,-0.092865242,0.640154799,-0.549107513,0.082606626,0.134678842,-0.493421664,0.116934179,-0.577383113
Prospectus,0.21012298,0.003477686,-0.041950833,0.360127615,-0.35193929,0.428347494,-0.604216765,0.048608071,0.047941435,0.136893486,-0.413372592,0.588098927,0.11440932,-0.381399503,0.529457269,-0.009361339,-0.179488035,0.182080521,-0.140975531,-0.040795488,0.238990602,0.027657931,0.262988743,-0.067953123,-0.373220015,-0.215183174,0.027841689,0.234665268,0.345227794,-0.025456906,0.575067145,0.098752649,-0.715583676,0.660354707,-0.081247336,-0.532729701,0.565601664,-0.209999081,-0.249356338,0.28091592,0.743025276,-0.298500254,0.053107812,0.707003826,-0.759938303,0.140106485,0.021558057,-0.297707655,-0.158263063,-0.897245717
Prospectus,0,0,0,0,0,0,0,0,0,0,0,0,0,0,0,0,0,0,0,0,0,0,0,0,0,0,0,0,0,0,0,0,0,0,0,0,0,0,0,0,0,0,0,0,0,0,0,0,0,0
Prospectus,0.186475584,-0.216825602,-0.025276869,0.092282152,-0.463658095,0.375609405,-0.490514791,-0.264616366,0.399849983,-0.322736061,-0.580689273,0.48099903,0.273349174,-0.364025757,0.300385823,0.196641509,-0.291506529,0.375385561,-0.126020647,-0.083514187,0.217713365,0.312301745,0.025582663,0.062190973,-0.4235404,0.085991215,0.045925036,0.475078991,0.435860879,0.515212569,0.674521139,-0.012266985,-0.716166376,0.586660748,0.000891404,-0.620856999,0.685381316,-0.418648639,-0.187719929,0.24839622,0.48765806,-0.293605233,-0.24616112,0.654794837,-0.332269419,0.348452851,0.193254236,-0.440568735,0.012773247,-0.681585349
Prospectus,0.282186841,-0.260812447,0.41066683,-0.133452962,-0.137323326,0.456180629,-0.603200742,0.079578084,0.112558549,0.043672155,-1.150120521,0.530234568,0.124089959,-0.543648139,0.437492767,0.011266564,-0.278020795,0.192799173,0.393926769,-0.051913347,0.432284889,0.43422195,0.279816106,-0.090251666,-0.407996919,0.183276697,0.119258899,0.51695355,0.288370561,0.050298654,0.331855987,-0.146193937,-0.850395709,0.648950586,-0.111297765,-0.611761874,0.607757435,0.001795171,-0.436223493,0.421710412,0.42358282,-0.379263746,-0.288880175,0.577774443,-0.597591475,0.111103083,0.108920214,-0.102982739,0.272064919,-0.559709212
Prospectus,0.017236904,-0.086452212,-0.089667991,0.027518046,-0.273478362,0.624484701,-0.591049855,0.222453663,0.364553264,0.54376406,-0.511565402,0.550519648,0.263331714,-0.320369999,0.468927923,0.178907798,-0.291944464,0.344493892,-0.381148254,-0.035449535,0.316151535,0.185300172,0.123484707,0.347210728,-0.02489787,-0.26528215,0.069239704,-0.009048124,0.085547333,0.243940437,0.5656907,0.171030005,-0.755547282,1.075942901,0.298421694,-1.001845238,0.166387802,-0.256098966,0.144383748,0.095220086,0.42804626,-0.55084961,-0.53848054,0.661999303,-0.263227276,-0.11581654,0.030858733,-0.462842347,0.153547702,-0.692105688
Prospectus,0.260448159,-0.090829825,-0.234157443,0.026946895,-0.225009166,0.202434037,-0.529055131,-0.160222965,0.275861945,-0.164013996,-0.421176835,0.360188553,0.061204523,-0.135063655,0.466766136,-0.037299999,-0.171383121,-0.011233728,-0.071486819,0.034386599,0.375850005,0.336917087,0.073146547,-0.048313271,-0.217560852,-0.001610702,0.160711895,0.220460584,0.230959077,0.354364345,0.695002842,-0.015801655,-0.646622406,0.327442295,-0.33250555,-0.514265608,0.667220657,0.000563254,-0.16869678,0.451723367,0.548710009,-0.232780543,-0.27616932,0.863190652,-0.397376056,0.432789798,0.240545358,-0.273813171,0.056734299,-0.514543524
CertificateOfRegistration,0,0,0,0,0,0,0,0,0,0,0,0,0,0,0,0,0,0,0,0,0,0,0,0,0,0,0,0,0,0,0,0,0,0,0,0,0,0,0,0,0,0,0,0,0,0,0,0,0,0
CertificateOfRegistration,0,0,0,0,0,0,0,0,0,0,0,0,0,0,0,0,0,0,0,0,0,0,0,0,0,0,0,0,0,0,0,0,0,0,0,0,0,0,0,0,0,0,0,0,0,0,0,0,0,0
CertificateOfRegistration,0,0,0,0,0,0,0,0,0,0,0,0,0,0,0,0,0,0,0,0,0,0,0,0,0,0,0,0,0,0,0,0,0,0,0,0,0,0,0,0,0,0,0,0,0,0,0,0,0,0
CertificateOfRegistration,0,0,0,0,0,0,0,0,0,0,0,0,0,0,0,0,0,0,0,0,0,0,0,0,0,0,0,0,0,0,0,0,0,0,0,0,0,0,0,0,0,0,0,0,0,0,0,0,0,0
CertificateOfRegistration,0,0,0,0,0,0,0,0,0,0,0,0,0,0,0,0,0,0,0,0,0,0,0,0,0,0,0,0,0,0,0,0,0,0,0,0,0,0,0,0,0,0,0,0,0,0,0,0,0,0
CertificateOfRegistration,0,0,0,0,0,0,0,0,0,0,0,0,0,0,0,0,0,0,0,0,0,0,0,0,0,0,0,0,0,0,0,0,0,0,0,0,0,0,0,0,0,0,0,0,0,0,0,0,0,0
CertificateOfRegistration,0,0,0,0,0,0,0,0,0,0,0,0,0,0,0,0,0,0,0,0,0,0,0,0,0,0,0,0,0,0,0,0,0,0,0,0,0,0,0,0,0,0,0,0,0,0,0,0,0,0
CertificateOfRegistration,0,0,0,0,0,0,0,0,0,0,0,0,0,0,0,0,0,0,0,0,0,0,0,0,0,0,0,0,0,0,0,0,0,0,0,0,0,0,0,0,0,0,0,0,0,0,0,0,0,0
CertificateOfRegistration,0,0,0,0,0,0,0,0,0,0,0,0,0,0,0,0,0,0,0,0,0,0,0,0,0,0,0,0,0,0,0,0,0,0,0,0,0,0,0,0,0,0,0,0,0,0,0,0,0,0
CertificateOfRegistration,0,0,0,0,0,0,0,0,0,0,0,0,0,0,0,0,0,0,0,0,0,0,0,0,0,0,0,0,0,0,0,0,0,0,0,0,0,0,0,0,0,0,0,0,0,0,0,0,0,0
CertificateOfRegistration,0.109287207,-0.126555844,0.043528698,0.097038655,-0.664218085,0.330688424,-0.946430164,-0.403482206,1.163712729,0.09702877,-0.901412938,0.750978796,0.346281925,-0.533038537,0.282953636,0.030469203,-0.43419218,0.143021947,-0.087423988,-0.387520109,0.00970069,0.29626151,0.149340612,0.666079525,-0.674574484,0.573537256,0.343961068,0.278892256,0.392939394,0.355762654,0.350496495,0.126743371,-0.726256636,0.470955347,-0.174912732,-0.530061356,0.703893834,-0.396115143,-0.131129902,0.695978098,0.412217768,-0.320593266,-0.454896109,0.612273613,-0.475175467,0.335107395,-0.19692646,-0.434263457,-0.149729792,-0.528461024
RegulatoryAuthority,0.271091955,-0.09332699,0.25224373,-0.172500833,-0.24360405,0.277065602,-0.202232909,-0.111843026,0.030663184,-0.488836806,0.132143069,0.230487526,-0.147903505,-0.243880687,0.229916639,0.263731475,0.183108798,0.413637888,-0.289770325,-0.138271938,-0.127504841,-0.253625772,-0.403232841,0.448341072,-0.148222282,-0.129250508,-0.015550397,0.145593617,0.163560765,-0.23620966,0.241256757,-0.275186733,0.13293417,0.484959266,0.050187467,0.001008526,0.456246085,-0.268923089,0.413185006,-0.201277729,0.468067153,-0.133126427,-0.038857781,0.143742696,-0.302984134,-0.566908367,0.289336493,-0.043007868,0.208870649,-0.313962074
RegulatoryAuthority,0.271091955,-0.09332699,0.25224373,-0.172500833,-0.24360405,0.277065602,-0.202232909,-0.111843026,0.030663184,-0.488836806,0.132143069,0.230487526,-0.147903505,-0.243880687,0.229916639,0.263731475,0.183108798,0.413637888,-0.289770325,-0.138271938,-0.127504841,-0.253625772,-0.403232841,0.448341072,-0.148222282,-0.129250508,-0.015550397,0.145593617,0.163560765,-0.23620966,0.241256757,-0.275186733,0.13293417,0.484959266,0.050187467,0.001008526,0.456246085,-0.268923089,0.413185006,-0.201277729,0.468067153,-0.133126427,-0.038857781,0.143742696,-0.302984134,-0.566908367,0.289336493,-0.043007868,0.208870649,-0.313962074
RegulatoryAuthority,0.271091955,-0.09332699,0.25224373,-0.172500833,-0.24360405,0.277065602,-0.202232909,-0.111843026,0.030663184,-0.488836806,0.132143069,0.230487526,-0.147903505,-0.243880687,0.229916639,0.263731475,0.183108798,0.413637888,-0.289770325,-0.138271938,-0.127504841,-0.253625772,-0.403232841,0.448341072,-0.148222282,-0.129250508,-0.015550397,0.145593617,0.163560765,-0.23620966,0.241256757,-0.275186733,0.13293417,0.484959266,0.050187467,0.001008526,0.456246085,-0.268923089,0.413185006,-0.201277729,0.468067153,-0.133126427,-0.038857781,0.143742696,-0.302984134,-0.566908367,0.289336493,-0.043007868,0.208870649,-0.313962074
RegulatoryAuthority,0.271091955,-0.09332699,0.25224373,-0.172500833,-0.24360405,0.277065602,-0.202232909,-0.111843026,0.030663184,-0.488836806,0.132143069,0.230487526,-0.147903505,-0.243880687,0.229916639,0.263731475,0.183108798,0.413637888,-0.289770325,-0.138271938,-0.127504841,-0.253625772,-0.403232841,0.448341072,-0.148222282,-0.129250508,-0.015550397,0.145593617,0.163560765,-0.23620966,0.241256757,-0.275186733,0.13293417,0.484959266,0.050187467,0.001008526,0.456246085,-0.268923089,0.413185006,-0.201277729,0.468067153,-0.133126427,-0.038857781,0.143742696,-0.302984134,-0.566908367,0.289336493,-0.043007868,0.208870649,-0.313962074
RegulatoryAuthority,0.271091955,-0.09332699,0.25224373,-0.172500833,-0.24360405,0.277065602,-0.202232909,-0.111843026,0.030663184,-0.488836806,0.132143069,0.230487526,-0.147903505,-0.243880687,0.229916639,0.263731475,0.183108798,0.413637888,-0.289770325,-0.138271938,-0.127504841,-0.253625772,-0.403232841,0.448341072,-0.148222282,-0.129250508,-0.015550397,0.145593617,0.163560765,-0.23620966,0.241256757,-0.275186733,0.13293417,0.484959266,0.050187467,0.001008526,0.456246085,-0.268923089,0.413185006,-0.201277729,0.468067153,-0.133126427,-0.038857781,0.143742696,-0.302984134,-0.566908367,0.289336493,-0.043007868,0.208870649,-0.313962074
RegulatoryAuthority,0.271091955,-0.09332699,0.25224373,-0.172500833,-0.24360405,0.277065602,-0.202232909,-0.111843026,0.030663184,-0.488836806,0.132143069,0.230487526,-0.147903505,-0.243880687,0.229916639,0.263731475,0.183108798,0.413637888,-0.289770325,-0.138271938,-0.127504841,-0.253625772,-0.403232841,0.448341072,-0.148222282,-0.129250508,-0.015550397,0.145593617,0.163560765,-0.23620966,0.241256757,-0.275186733,0.13293417,0.484959266,0.050187467,0.001008526,0.456246085,-0.268923089,0.413185006,-0.201277729,0.468067153,-0.133126427,-0.038857781,0.143742696,-0.302984134,-0.566908367,0.289336493,-0.043007868,0.208870649,-0.313962074
RegulatoryAuthority,0.271091955,-0.09332699,0.25224373,-0.172500833,-0.24360405,0.277065602,-0.202232909,-0.111843026,0.030663184,-0.488836806,0.132143069,0.230487526,-0.147903505,-0.243880687,0.229916639,0.263731475,0.183108798,0.413637888,-0.289770325,-0.138271938,-0.127504841,-0.253625772,-0.403232841,0.448341072,-0.148222282,-0.129250508,-0.015550397,0.145593617,0.163560765,-0.23620966,0.241256757,-0.275186733,0.13293417,0.484959266,0.050187467,0.001008526,0.456246085,-0.268923089,0.413185006,-0.201277729,0.468067153,-0.133126427,-0.038857781,0.143742696,-0.302984134,-0.566908367,0.289336493,-0.043007868,0.208870649,-0.313962074
RegulatoryAuthority,0.271091955,-0.09332699,0.25224373,-0.172500833,-0.24360405,0.277065602,-0.202232909,-0.111843026,0.030663184,-0.488836806,0.132143069,0.230487526,-0.147903505,-0.243880687,0.229916639,0.263731475,0.183108798,0.413637888,-0.289770325,-0.138271938,-0.127504841,-0.253625772,-0.403232841,0.448341072,-0.148222282,-0.129250508,-0.015550397,0.145593617,0.163560765,-0.23620966,0.241256757,-0.275186733,0.13293417,0.484959266,0.050187467,0.001008526,0.456246085,-0.268923089,0.413185006,-0.201277729,0.468067153,-0.133126427,-0.038857781,0.143742696,-0.302984134,-0.566908367,0.289336493,-0.043007868,0.208870649,-0.313962074
RegulatoryAuthority,0.271091955,-0.09332699,0.25224373,-0.172500833,-0.24360405,0.277065602,-0.202232909,-0.111843026,0.030663184,-0.488836806,0.132143069,0.230487526,-0.147903505,-0.243880687,0.229916639,0.263731475,0.183108798,0.413637888,-0.289770325,-0.138271938,-0.127504841,-0.253625772,-0.403232841,0.448341072,-0.148222282,-0.129250508,-0.015550397,0.145593617,0.163560765,-0.23620966,0.241256757,-0.275186733,0.13293417,0.484959266,0.050187467,0.001008526,0.456246085,-0.268923089,0.413185006,-0.201277729,0.468067153,-0.133126427,-0.038857781,0.143742696,-0.302984134,-0.566908367,0.289336493,-0.043007868,0.208870649,-0.313962074
RegulatoryAuthority,0.271091955,-0.09332699,0.25224373,-0.172500833,-0.24360405,0.277065602,-0.202232909,-0.111843026,0.030663184,-0.488836806,0.132143069,0.230487526,-0.147903505,-0.243880687,0.229916639,0.263731475,0.183108798,0.413637888,-0.289770325,-0.138271938,-0.127504841,-0.253625772,-0.403232841,0.448341072,-0.148222282,-0.129250508,-0.015550397,0.145593617,0.163560765,-0.23620966,0.241256757,-0.275186733,0.13293417,0.484959266,0.050187467,0.001008526,0.456246085,-0.268923089,0.413185006,-0.201277729,0.468067153,-0.133126427,-0.038857781,0.143742696,-0.302984134,-0.566908367,0.289336493,-0.043007868,0.208870649,-0.313962074
RegulatoryAuthority,0.271091955,-0.09332699,0.25224373,-0.172500833,-0.24360405,0.277065602,-0.202232909,-0.111843026,0.030663184,-0.488836806,0.132143069,0.230487526,-0.147903505,-0.243880687,0.229916639,0.263731475,0.183108798,0.413637888,-0.289770325,-0.138271938,-0.127504841,-0.253625772,-0.403232841,0.448341072,-0.148222282,-0.129250508,-0.015550397,0.145593617,0.163560765,-0.23620966,0.241256757,-0.275186733,0.13293417,0.484959266,0.050187467,0.001008526,0.456246085,-0.268923089,0.413185006,-0.201277729,0.468067153,-0.133126427,-0.038857781,0.143742696,-0.302984134,-0.566908367,0.289336493,-0.043007868,0.208870649,-0.313962074
RegulatoryAuthority,0.271091955,-0.09332699,0.25224373,-0.172500833,-0.24360405,0.277065602,-0.202232909,-0.111843026,0.030663184,-0.488836806,0.132143069,0.230487526,-0.147903505,-0.243880687,0.229916639,0.263731475,0.183108798,0.413637888,-0.289770325,-0.138271938,-0.127504841,-0.253625772,-0.403232841,0.448341072,-0.148222282,-0.129250508,-0.015550397,0.145593617,0.163560765,-0.23620966,0.241256757,-0.275186733,0.13293417,0.484959266,0.050187467,0.001008526,0.456246085,-0.268923089,0.413185006,-0.201277729,0.468067153,-0.133126427,-0.038857781,0.143742696,-0.302984134,-0.566908367,0.289336493,-0.043007868,0.208870649,-0.313962074
RegulatoryAuthority,0.271091955,-0.09332699,0.25224373,-0.172500833,-0.24360405,0.277065602,-0.202232909,-0.111843026,0.030663184,-0.488836806,0.132143069,0.230487526,-0.147903505,-0.243880687,0.229916639,0.263731475,0.183108798,0.413637888,-0.289770325,-0.138271938,-0.127504841,-0.253625772,-0.403232841,0.448341072,-0.148222282,-0.129250508,-0.015550397,0.145593617,0.163560765,-0.23620966,0.241256757,-0.275186733,0.13293417,0.484959266,0.050187467,0.001008526,0.456246085,-0.268923089,0.413185006,-0.201277729,0.468067153,-0.133126427,-0.038857781,0.143742696,-0.302984134,-0.566908367,0.289336493,-0.043007868,0.208870649,-0.313962074
RegulatoryAuthority,0.271091955,-0.09332699,0.25224373,-0.172500833,-0.24360405,0.277065602,-0.202232909,-0.111843026,0.030663184,-0.488836806,0.132143069,0.230487526,-0.147903505,-0.243880687,0.229916639,0.263731475,0.183108798,0.413637888,-0.289770325,-0.138271938,-0.127504841,-0.253625772,-0.403232841,0.448341072,-0.148222282,-0.129250508,-0.015550397,0.145593617,0.163560765,-0.23620966,0.241256757,-0.275186733,0.13293417,0.484959266,0.050187467,0.001008526,0.456246085,-0.268923089,0.413185006,-0.201277729,0.468067153,-0.133126427,-0.038857781,0.143742696,-0.302984134,-0.566908367,0.289336493,-0.043007868,0.208870649,-0.313962074
RegulatoryAuthority,0.271091955,-0.09332699,0.25224373,-0.172500833,-0.24360405,0.277065602,-0.202232909,-0.111843026,0.030663184,-0.488836806,0.132143069,0.230487526,-0.147903505,-0.243880687,0.229916639,0.263731475,0.183108798,0.413637888,-0.289770325,-0.138271938,-0.127504841,-0.253625772,-0.403232841,0.448341072,-0.148222282,-0.129250508,-0.015550397,0.145593617,0.163560765,-0.23620966,0.241256757,-0.275186733,0.13293417,0.484959266,0.050187467,0.001008526,0.456246085,-0.268923089,0.413185006,-0.201277729,0.468067153,-0.133126427,-0.038857781,0.143742696,-0.302984134,-0.566908367,0.289336493,-0.043007868,0.208870649,-0.313962074
RegulatoryAuthority,0.271091955,-0.09332699,0.25224373,-0.172500833,-0.24360405,0.277065602,-0.202232909,-0.111843026,0.030663184,-0.488836806,0.132143069,0.230487526,-0.147903505,-0.243880687,0.229916639,0.263731475,0.183108798,0.413637888,-0.289770325,-0.138271938,-0.127504841,-0.253625772,-0.403232841,0.448341072,-0.148222282,-0.129250508,-0.015550397,0.145593617,0.163560765,-0.23620966,0.241256757,-0.275186733,0.13293417,0.484959266,0.050187467,0.001008526,0.456246085,-0.268923089,0.413185006,-0.201277729,0.468067153,-0.133126427,-0.038857781,0.143742696,-0.302984134,-0.566908367,0.289336493,-0.043007868,0.208870649,-0.313962074
RegulatoryAuthority,0.271091955,-0.09332699,0.25224373,-0.172500833,-0.24360405,0.277065602,-0.202232909,-0.111843026,0.030663184,-0.488836806,0.132143069,0.230487526,-0.147903505,-0.243880687,0.229916639,0.263731475,0.183108798,0.413637888,-0.289770325,-0.138271938,-0.127504841,-0.253625772,-0.403232841,0.448341072,-0.148222282,-0.129250508,-0.015550397,0.145593617,0.163560765,-0.23620966,0.241256757,-0.275186733,0.13293417,0.484959266,0.050187467,0.001008526,0.456246085,-0.268923089,0.413185006,-0.201277729,0.468067153,-0.133126427,-0.038857781,0.143742696,-0.302984134,-0.566908367,0.289336493,-0.043007868,0.208870649,-0.313962074